"Index","Open","High","Low","Adjusted","Volume"
2009-03-04,104.87,104.87,104.87,104.87,1
2009-03-05,100.08,100.08,100.08,100.08,1
2009-03-06,98.73,98.73,98.73,98.73,1
2009-03-09,96.79,96.79,96.79,96.79,1
2009-03-10,101.91,101.91,101.91,101.91,1
2009-03-11,102.86,102.86,102.86,102.86,1
2009-03-12,104.85,104.85,104.85,104.85,1
2009-03-13,106.38,106.38,106.38,106.38,1
2009-03-16,109.64,109.64,109.64,109.64,1
2009-03-17,109.75,109.75,109.75,109.75,1
2009-03-18,0,0,0,0,0
2009-03-19,110.48,110.48,110.48,110.48,1
2009-03-20,110.44,110.44,110.44,110.44,1
2009-03-23,114.1,114.1,114.1,114.1,1
2009-03-24,114.73,114.73,114.73,114.73,1
2009-03-25,115.79,115.79,115.79,115.79,1
2009-03-26,115.82,115.82,115.82,115.82,1
2009-03-27,113.68,113.68,113.68,113.68,1
2009-03-30,108.83,108.83,108.83,108.83,1
2009-03-31,111.91,111.91,111.91,111.91,1
2009-04-01,0,0,0,0,0
2009-04-02,119.79,119.79,119.79,119.79,1
2009-04-03,119.5,119.5,119.5,119.5,1
2009-04-06,119.45,119.45,119.45,119.45,1
2009-04-07,119.75,119.75,119.75,119.75,1
2009-04-08,120.62,120.62,120.62,120.62,1
2009-04-09,125.42,125.42,125.42,125.42,1
2009-04-14,127.62,127.62,127.62,127.62,1
2009-04-15,125.9,125.9,125.9,125.9,1
2009-04-16,128.23,128.23,128.23,128.23,1
2009-04-17,130.62,130.62,130.62,130.62,1
2009-04-20,126.15,126.15,126.15,126.15,1
2009-04-21,124.33,124.33,124.33,124.33,1
2009-04-22,127.44,127.44,127.44,127.44,1
2009-04-23,126.41,126.41,126.41,126.41,1
2009-04-24,128.14,128.14,128.14,128.14,1
2009-04-27,126.57,126.57,126.57,126.57,1
2009-04-28,124.93,124.93,124.93,124.93,1
2009-04-29,128.36,128.36,128.36,128.36,1
2009-04-30,130.56,130.56,130.56,130.56,1
2009-05-04,131.63,131.63,131.63,131.63,1
2009-05-05,132.67,132.67,132.67,132.67,1
2009-05-06,133.96,133.96,133.96,133.96,1
2009-05-07,134.04,134.04,134.04,134.04,1
2009-05-08,136.7,136.7,136.7,136.7,1
2009-05-11,135.5,135.5,135.5,135.5,1
2009-05-12,135.58,135.58,135.58,135.58,1
2009-05-13,131.57,131.57,131.57,131.57,1
2009-05-14,131.27,131.27,131.27,131.27,1
2009-05-15,130.96,130.96,130.96,130.96,1
2009-05-18,133.75,133.75,133.75,133.75,1
2009-05-19,136.44,136.44,136.44,136.44,1
2009-05-20,136.97,136.97,136.97,136.97,1
2009-05-21,134.69,134.69,134.69,134.69,1
2009-05-22,136.02,136.02,136.02,136.02,1
2009-05-25,136.66,136.66,136.66,136.66,1
2009-05-26,137.51,137.51,137.51,137.51,1
2009-05-27,139.07,139.07,139.07,139.07,1
2009-05-28,138.02,138.02,138.02,138.02,1
2009-05-29,137.88,137.88,137.88,137.88,1
2009-06-01,140.77,140.77,140.77,140.77,1
2009-06-02,141.15,141.15,141.15,141.15,1
2009-06-03,138.23,139.99,138.23,138.23,29
2009-06-04,138.07,138.07,138.07,138.07,1
2009-06-05,139.08,139.08,139.08,139.08,1
2009-06-08,137.4,137.4,137.4,137.4,1
2009-06-09,138.99,138.99,138.99,138.99,1
2009-06-10,140.9,140.9,140.9,140.9,1
2009-06-11,141.95,141.95,141.95,141.95,1
2009-06-12,142.21,142.21,142.21,142.21,1
2009-06-15,139.46,141.52,139.46,139.46,1
2009-06-16,139.35,139.85,139.35,139.35,0
2009-06-17,136.59,138.21,136.59,136.59,0
2009-06-18,138.21,138.21,137.01,138.21,0
2009-06-19,138.09,141.39,138.09,141.39,2
2009-06-22,137.99,141.02,137.99,137.99,0
2009-06-23,138.12,138.12,137.63,138.12,0
2009-06-24,141.9,141.9,138.42,141.9,0
2009-06-25,142.67,142.67,141.51,142.67,0
2009-06-26,143.9,143.9,142.98,142.98,2
2009-06-29,145.49,145.49,142.58,145.49,0
2009-06-30,144.68,145.64,144.68,144.68,0
2009-07-01,146.8,146.8,145.74,146.8,0
2009-07-02,142.99,145.72,142.99,142.99,0
2009-07-03,143.67,144.09,143.67,144.09,2
2009-07-06,142.16,142.8,142.16,142.16,0
2009-07-07,141.62,142.61,141.62,141.62,0
2009-07-08,139.19,141.17,139.19,139.19,0
2009-07-09,140.63,140.63,139.83,140.63,0
2009-07-10,139.94,139.94,139.33,139.33,2
2009-07-13,142.54,142.54,138.16,142.54,0
2009-07-14,143.57,143.57,142.86,143.57,0
2009-07-15,147.78,147.78,144.38,147.78,1000
2009-07-16,149.19,149.19,147.16,149.19,0
2009-07-17,150.17,150.17,149.8,149.8,2
2009-07-20,151.04,151.39,151.04,151.39,2
2009-07-21,151.42,151.42,150.88,150.88,2
2009-07-22,150.79,151.44,150.79,151.44,2
2009-07-23,151.99,154.82,151.99,154.82,2
2009-07-24,154.55,155.91,154.55,155.91,2
2009-07-27,157.34,158.44,157.26,158.44,821
2009-07-28,159.32,160.6,159.32,160.25,7560
2009-07-29,159.86,160.65,159.86,160.05,12
2009-07-30,160.9,163.24,160.9,163.24,2
2009-07-31,163,163.31,163,163.27,624
2009-08-03,164.03,164.03,164.03,164.03,1
2009-08-04,163.68,163.68,163.55,163.55,2
2009-08-05,163.26,163.26,160.9,160.9,2
2009-08-06,162.53,162.53,162.06,162.06,5
2009-08-07,164.82,164.82,164.82,164.82,1
2009-08-10,164.13,164.33,164.13,164.33,2
2009-08-11,164.77,164.77,163.15,163.15,2
2009-08-12,163.09,164.6,163.09,164.6,10
2009-08-13,164.86,167.56,164.86,166.33,6365
2009-08-14,166.73,166.73,163.9,163.9,2
2009-08-17,162.29,162.29,159.23,159.23,2
2009-08-18,160.23,160.84,160.23,160.84,2
2009-08-19,159.5,160.68,159.5,160.68,2
2009-08-20,162.58,163.74,162.58,163.74,5940
2009-08-21,163.54,167.86,163.54,167.86,2
2009-08-24,168.56,170.07,168.56,170.07,25
2009-08-25,169.27,172.11,169.27,172.11,2
2009-08-26,171.56,171.56,171.49,171.49,2
2009-08-27,171.22,171.22,171.22,171.22,2
2009-08-28,172.17,172.9,172.17,172.4,20
2009-08-31,170.97,171.14,170.97,171.14,2
2009-09-01,172.03,172.03,168.3,168.3,2
2009-09-02,167.5,167.5,165.48,165.48,21
2009-09-03,166.07,166.07,165.83,165.83,2
2009-09-04,166.93,169.18,166.93,169.18,2
2009-09-07,170.77,171.71,170.77,171.6,90
2009-09-08,171.95,172.69,171.2,171.2,175
2009-09-09,170.84,172.5,170.84,172.5,2
2009-09-10,173.21,173.21,170.61,170.61,2
2009-09-11,171.69,172.83,171.69,172.36,3
2009-09-14,170.22,172.89,170.22,172.89,2
2009-09-15,173.13,174.39,173.13,174.39,2
2009-09-16,175.25,176.58,175.25,176.58,2
2009-09-17,177.42,177.42,176.89,176.89,2
2009-09-18,176.34,177.34,176.34,177.34,2
2009-09-21,176.33,176.33,176.33,176.33,2
2009-09-22,177.05,177.66,177.05,177.66,2
2009-09-23,177.59,177.96,177.59,177.96,2
2009-09-24,176.94,176.94,175.6,175.6,15
2009-09-25,175.96,175.96,174.61,175.26,5
2009-09-28,174.8,178.4,174.8,178.4,2
2009-09-29,179.06,179.06,177.99,177.99,2
2009-09-30,178.35,178.35,176.19,176.19,2
2009-10-01,176.68,177.5,173.1,173.1,5
2009-10-02,171.39,171.39,169.94,169.94,2
2009-10-05,169.81,173.55,169.81,173.55,9927
2009-10-06,175.27,177.84,175.27,177.84,2
2009-10-07,177.31,177.31,176.17,176.17,2
2009-10-08,178.72,178.72,177.6,177.6,2
2009-10-09,177.84,177.84,176.53,176.53,2
2009-10-12,177.18,177.18,176.89,176.89,2
2009-10-13,176.05,176.05,174.99,174.99,2
2009-10-14,176.9,178.58,176.9,178.58,2
2009-10-15,179.77,179.77,179.11,179.11,45
2009-10-16,176.63,176.63,176.63,176.63,1
2009-10-19,177.82,179.62,177.82,179.62,2
2009-10-20,180.56,180.56,178.01,178.01,2
2009-10-21,179.28,180.08,179.28,180.08,2
2009-10-22,177.35,179.45,177.35,179.45,55
2009-10-23,180.43,180.43,178.33,178.33,2
2009-10-26,179.09,179.09,176.43,176.43,2
2009-10-27,176.01,176.55,176.01,176.55,2
2009-10-28,175.66,175.66,173.33,173.33,15
2009-10-29,172.77,177.69,172.77,177.69,28
2009-10-30,177.25,177.25,173.21,173.52,28
2009-11-02,173.24,174.04,173.24,174.04,2
2009-11-03,172.43,172.43,170.3,170.3,2424
2009-11-04,171.86,172.75,171.86,172.48,28
2009-11-05,171.59,175.17,171.59,175.17,2
2009-11-06,174.94,175.67,174.94,175.67,44
2009-11-09,177.8,178.94,177.8,178.94,20
2009-11-10,179.33,179.67,179.33,179.67,2
2009-11-11,180.47,180.58,180.45,180.45,5
2009-11-12,179.81,180.76,179.81,180.76,2
2009-11-13,180.61,181.44,180.61,181.44,2
2009-11-16,183.07,183.07,183.07,183.07,1
2009-11-17,182.96,183.25,182.74,182.74,35
2009-11-18,183.78,184.37,183.78,184.37,2
2009-11-19,183.7,183.7,181.44,181.44,2
2009-11-20,181.81,181.81,179.08,179.08,2
2009-11-23,180.82,182.3,180.82,182.3,2
2009-11-24,180.84,182.13,180.84,182.13,2
2009-11-25,183.7,183.7,183.29,183.29,2
2009-11-26,181.65,181.65,178.86,178.86,2
2009-11-27,178.27,179.93,178.27,179.93,2
2009-11-30,181.3,181.3,177.5,178.89,12
2009-12-01,179.96,181.63,179.96,181.63,2
2009-12-02,181.4,181.62,181.4,181.62,2
2009-12-03,183.03,183.03,181.71,181.71,2
2009-12-04,181.34,184.01,181.34,184.01,1001
2009-12-07,183.09,183.97,183.09,183.97,2
2009-12-08,182.49,183.57,180.52,180.52,38
2009-12-09,180.73,180.73,175.6,175.6,24
2009-12-10,176.12,176.83,176.12,176.83,2
2009-12-11,177.7,177.7,177.1,177.1,2
2009-12-14,178.79,178.79,178.63,178.63,2
2009-12-15,178.64,178.77,178.64,178.77,2
2009-12-16,179.02,180.45,177.55,180.45,10426
2009-12-17,179.13,179.13,178.23,178.23,2
2009-12-18,178.3,178.82,177.08,177.08,130
2009-12-21,177.93,180.14,177.93,180.14,75
2009-12-22,180.66,181.38,180.66,181.38,2
2009-12-23,182.17,182.35,182.17,182.35,2
2009-12-24,0,0,0,0,0
2009-12-28,183.58,183.58,183.52,183.52,2
2009-12-29,183.7,183.7,183.19,183.19,2
2009-12-30,183.33,183.33,182.25,182.25,2
2009-12-31,0,0,0,0,0
2010-01-04,183.29,184.98,183.29,184.98,2
2010-01-05,185.4,186.32,185.4,186.32,2
2010-01-06,186.6,186.73,186.6,186.73,2
2010-01-07,185.63,185.63,185.44,185.44,2
2010-01-08,185.57,186.49,185.57,185.57,1
2010-01-11,183.99,185.62,183.99,183.99,1
2010-01-12,182.39,185.01,182.39,182.39,1
2010-01-13,182.34,182.34,182.2,182.34,1
2010-01-14,182.65,183.46,182.65,182.65,1
2010-01-15,180.24,183.06,180.24,180.24,1
2010-01-18,180.55,181.06,180.55,180.55,1
2010-01-19,183.13,183.13,180.12,183.13,1
2010-01-20,182.3,182.3,178.23,178.23,3481
2010-01-21,173.51,178.77,173.51,173.51,1
2010-01-22,171.97,172.72,171.97,172.72,28
2010-01-25,171.7,171.7,170.25,170.25,50
2010-01-26,169.43,172.76,169.43,172.76,3000
2010-01-27,169.92,169.92,167.81,167.81,2
2010-01-28,169.5,169.5,164.27,164.27,2
2010-01-29,165.57,166.38,165.48,166.38,40
2010-02-01,165.03,167.22,165.03,167.22,2
2010-02-02,167.05,169.49,166.52,169.49,600
2010-02-03,170.16,170.16,164.61,164.61,2
2010-02-04,165.18,165.18,154.24,154.24,672
2010-02-05,153.36,154.71,150.9,152.97,307
2010-02-08,154.25,154.41,154.25,154.41,2
2010-02-09,153.39,156.69,153.39,156.69,300
2010-02-10,158.32,159.03,158.32,159.03,2
2010-02-11,160.31,160.31,156.57,156.57,2
2010-02-12,157.86,157.86,155.46,155.46,2
2010-02-15,156.39,156.39,156.39,156.39,2
2010-02-16,158.36,158.36,157.98,157.98,2
2010-02-17,159.45,159.58,159.45,159.58,2
2010-02-18,158.83,160.52,158.83,160.52,220
2010-02-19,158.98,161.84,158.98,161.84,2
2010-02-22,162.54,162.54,160.13,160.13,2
2010-02-23,160.85,160.85,156.24,156.24,2
2010-02-24,155.81,155.81,154.95,154.95,2
2010-02-25,153.72,153.72,152.96,152.96,25
2010-02-26,154.9,156.93,154.9,156.93,20
2010-03-01,158.91,158.91,158.27,158.31,40
2010-03-02,158.23,159.63,158.23,159.63,40
2010-03-03,158.7,161.88,158.7,161.88,114
2010-03-04,160.44,162.79,160.44,162.79,2
2010-03-05,163.46,167.23,163.46,167.23,750
2010-03-08,168.32,168.51,168.32,168.34,177
2010-03-09,168.25,168.25,165.77,166.63,450
2010-03-10,166.89,168.63,166.89,168.63,2
2010-03-11,167.77,167.77,166.98,166.98,20
2010-03-12,167.97,167.97,167.71,167.71,2
2010-03-15,167.49,167.49,165.82,165.82,2
2010-03-16,166.96,167.05,165.45,167.05,20
2010-03-17,168.29,169.02,168.01,169.02,29
2010-03-18,168.05,168.05,166.7,167.3,32
2010-03-19,168.04,168.05,166.04,166.04,1200
2010-03-22,165.03,165.03,163.9,163.9,2
2010-03-23,163.95,165.75,163.95,165.75,2
2010-03-24,166.02,166.02,162.5,163.25,60
2010-03-25,163.78,166.82,163.78,166.82,2
2010-03-26,166.91,166.91,166.79,166.79,2
2010-03-29,167.53,167.53,167.01,167.01,2
2010-03-30,167.6,167.6,164.99,164.99,2
2010-03-31,164.61,164.61,163.27,163.27,2
2010-04-01,164.42,166.56,164.42,166.56,2
2010-04-06,167.56,167.56,167.56,167.56,1
2010-04-07,167.63,168.8,167.63,168.03,600
2010-04-08,167.03,167.03,166.89,166.89,2
2010-04-09,167.89,171.83,167.89,171.83,610
2010-04-12,173.61,173.61,173.32,173.32,2
2010-04-13,172.67,173.67,172.67,172.94,10
2010-04-14,174.19,174.19,173.56,173.56,2
2010-04-15,173.81,174.09,173.81,174.09,29
2010-04-16,172.85,172.85,170.56,170.56,2
2010-04-19,168.22,169.05,168.22,169.05,118
2010-04-20,169.99,170.27,169.99,170.27,2
2010-04-21,170.96,170.96,166.74,166.74,2
2010-04-22,166.64,167.23,163.24,163.24,709
2010-04-23,163.71,164.86,163.71,164.86,2
2010-04-26,166.97,166.97,164.73,165.25,705
2010-04-27,164.09,164.09,157.05,157.05,704
2010-04-28,155.77,155.77,152.86,153.47,3642
2010-04-29,153.31,157.27,153.31,157.18,3012
2010-04-30,157.47,158.58,157.31,158.58,2820
2010-05-03,157.53,157.81,157.53,157.81,201
2010-05-04,157.6,157.6,148.92,148.92,3701
2010-05-05,149.56,149.56,145.12,145.56,1944
2010-05-06,143.75,148.03,140.15,141.92,555
2010-05-07,138.56,143.2,136.85,141.92,4031
2010-05-10,137.11,157.97,137.11,157.97,2300
2010-05-11,154.2,154.31,152.49,153.25,74
2010-05-12,150.44,154.92,150.44,154.39,3139
2010-05-13,154.9,155.49,151.46,152.11,158
2010-05-14,150.97,150.97,141.78,141.78,112
2010-05-17,140.75,144.39,140.75,142.35,1110
2010-05-18,144.66,147.38,144.66,147.38,2820
2010-05-19,143.61,145.45,142.41,143.77,3626
2010-05-20,145.27,146.26,140.3,142.82,160
2010-05-21,142.53,145.37,140.85,145.37,11097
2010-05-24,146.7,146.7,143,143.25,720
2010-05-25,138.26,138.26,136.17,137.63,1600
2010-05-26,140.8,141.25,138.65,138.65,225
2010-05-27,139.64,142.6,139.64,142.6,1
2010-05-28,144.7,144.7,144.11,144.17,73
2010-05-31,143.04,143.04,142.93,142.93,40
2010-06-01,141.44,142.85,139,142.3,138
2010-06-02,140.78,141.79,140.09,141.79,1400
2010-06-03,144.93,144.93,141.88,141.88,2246
2010-06-04,138.49,138.49,136.29,136.45,2100
2010-06-07,133.89,136.32,133.85,134.56,900
2010-06-08,134.85,134.85,132.16,132.35,800
2010-06-09,133.28,134.82,133.28,134.82,20
2010-06-10,133.95,140.72,133.95,140.72,1735
2010-06-11,142.54,145.92,142.54,145.87,796
2010-06-14,148.82,148.82,147.06,147.06,20
2010-06-15,146.02,149.8,146.02,149.8,780
2010-06-16,151.05,151.05,147.6,148.8,76
2010-06-17,149.57,151.3,149.45,150.66,23
2010-06-18,151.48,155,151.48,154.4,1320
2010-06-21,156.6,157.35,155.37,155.37,1225
2010-06-22,153.86,154.69,153.86,154.69,1
2010-06-23,152.6,152.6,152.46,152.46,1
2010-06-24,153.33,153.33,147.62,147.62,30
2010-06-25,148.46,148.46,146.91,147.05,40
2010-06-28,148.92,149.19,147.83,149.19,919
2010-06-29,146.68,146.68,141.18,141.18,8
2010-06-30,141.24,144.7,141.24,143.18,1870
2010-07-01,140.37,142.3,140.36,142.3,30
2010-07-02,143.02,145.1,143.02,143.31,30
2010-07-05,143.89,144.03,143.7,143.7,25
2010-07-06,144.55,149.78,144.55,148.74,134
2010-07-07,147.14,155.56,147.14,155.56,1828
2010-07-08,156.89,157.04,156.23,157.04,1500
2010-07-09,158.41,158.41,157.72,157.72,25
2010-07-12,157.42,157.42,155.85,156.85,13
2010-07-13,157.27,159.92,157.06,159.92,1820
2010-07-14,160.84,160.84,159.23,160.21,7285
2010-07-15,159.74,159.74,157.79,158.43,900
2010-07-16,158.99,158.99,154.69,155.48,2700
2010-07-19,154.93,157.83,154.61,154.61,5400
2010-07-20,156.19,156.89,155.56,156.89,3310
2010-07-21,157.85,157.85,156.01,156.01,1
2010-07-22,155.56,160.33,155.56,160.33,900
2010-07-23,159.29,161.81,159.29,161.81,1
2010-07-26,162.76,163.67,162.76,163.67,9
2010-07-27,164.75,166.21,164.75,166.21,50
2010-07-28,167.21,167.21,166.49,166.49,900
2010-07-29,166.85,166.92,166.85,166.92,1
2010-07-30,166.04,166.04,164.22,164.22,1
2010-08-02,165.26,170.12,165.26,169.78,1875
2010-08-03,169.16,170.27,169.16,170.27,1
2010-08-04,169.68,169.86,169.68,169.86,1
2010-08-05,170.4,171.42,169.65,169.65,915
2010-08-06,170.49,170.49,166.59,166.59,1100
2010-08-09,168.83,169.39,168.83,169.39,15
2010-08-10,168.38,168.38,168.03,168.03,920
2010-08-11,166.63,166.63,162.37,162.37,220
2010-08-12,162.12,162.21,162.12,162.21,1
2010-08-13,163.46,163.46,160.74,160.74,63
2010-08-16,160.88,160.88,159.9,160.29,250
2010-08-17,160.69,162.15,160.69,162.15,1
2010-08-18,161.13,162.34,161.13,162.34,1
2010-08-19,162.91,162.91,159.74,159.74,1
2010-08-20,160.79,160.79,157.58,157.58,1
2010-08-23,157.73,159.59,157.73,159.59,1
2010-08-24,158.19,158.19,156.89,157.2,70
2010-08-25,156.44,156.44,154.56,154.56,1
2010-08-26,156.26,156.26,156.2,156.2,1
2010-08-27,155.32,158.42,155.32,158.42,905
2010-08-30,159.23,159.23,158.25,158.25,1
2010-08-31,155.77,159.07,155.77,159.07,10
2010-09-01,159.73,164.59,159.73,164.59,1
2010-09-02,163.66,165,163.66,164.5,926
2010-09-03,164.85,165.72,164.85,165.72,1
2010-09-06,166.47,166.47,165.76,165.76,15
2010-09-07,164.88,164.88,163.6,163.6,1
2010-09-08,162.89,165.19,162.89,165.19,1
2010-09-09,164.3,167.1,164.3,167.1,16
2010-09-10,165.78,166.91,165.78,166.91,1
2010-09-13,168.38,168.92,167.95,167.99,1285
2010-09-14,167.89,168.82,167.89,168.82,1
2010-09-15,169.2,169.2,167.3,167.82,600
2010-09-16,167.38,167.87,167.37,167.42,1140
2010-09-17,168.58,168.58,165.32,165.32,5
2010-09-20,165.69,167.44,165.6,167.44,3050
2010-09-21,167.34,169.78,167.34,167.68,8395
2010-09-22,167.32,167.32,164.25,164.25,1
2010-09-23,165.71,165.71,163.03,163.56,15
2010-09-24,162.33,167.09,162.33,167.09,900
2010-09-27,166.93,166.93,165.24,165.24,1
2010-09-28,163.41,165.15,163.41,164.8,1830
2010-09-29,164.96,165,163.07,163.07,5
2010-09-30,161.86,163.5,161.86,163.5,1161
2010-10-01,163.22,163.22,162.39,162.39,1
2010-10-04,161.77,161.77,161.42,161.42,1
2010-10-05,161.5,165.59,161.5,165.59,10
2010-10-06,166.97,167.86,166.42,166.42,8106
2010-10-07,165.83,167.87,165.83,167.03,7428
2010-10-08,166.54,166.54,166.53,166.53,1
2010-10-11,166.87,166.87,166.25,166.25,1
2010-10-12,164.77,165.52,164.77,165.52,1
2010-10-13,165.76,168.9,165.76,168.9,1
2010-10-14,169.59,169.59,168.8,168.8,1
2010-10-15,169.32,169.58,169.32,169.53,979
2010-10-18,169.09,169.85,169.09,169.85,917
2010-10-19,169.85,170.2,169.85,170.2,1
2010-10-20,169.01,170.06,169.01,170.06,1
2010-10-21,168.82,169.62,168.82,169.62,1
2010-10-22,169.41,170.1,169.41,170.04,1326
2010-10-25,170.99,170.99,169.09,169.09,7576
2010-10-26,168.45,168.45,168.02,168.02,1
2010-10-27,167.07,167.99,166.57,166.57,5
2010-10-28,166.58,167.12,166.58,167.12,1
2010-10-29,166.76,168.38,166.76,168.38,1
2010-11-01,169.29,169.29,164.98,164.98,1
2010-11-02,164.28,167.06,164.28,167.06,1
2010-11-03,167.17,167.17,163.68,163.68,36
2010-11-04,165.72,165.99,163.77,163.77,2420
2010-11-05,165.12,165.12,161.18,161.18,7
2010-11-08,160.28,160.43,160,160.09,8461
2010-11-09,159.71,161.93,159.71,161.93,45
2010-11-10,161.23,161.97,159.08,159.08,10
2010-11-11,159.05,159.05,157.72,157.72,1
2010-11-12,154.71,159.28,154.71,159.28,1
2010-11-15,158.11,161.08,158.11,161.08,25
2010-11-16,159.57,159.57,157.34,157.34,50
2010-11-17,156.93,158.64,156.93,158.64,1250
2010-11-18,159.94,160.84,159.94,160.84,1
2010-11-19,160.3,160.3,159.72,159.72,1
2010-11-22,161.71,161.71,155.18,155.18,185
2010-11-23,154.2,154.2,150.29,150.29,1
2010-11-24,150.57,150.72,150.57,150.72,1
2010-11-25,150.79,150.79,149.39,150.52,1428
2010-11-26,148.65,148.65,146.49,147.5,6310
2010-11-29,148.67,148.67,143.77,143.77,1002
2010-11-30,144.5,144.68,142.04,143.2,6354
2010-12-01,144.48,150.17,144.48,150.17,10
2010-12-02,151.42,154.28,151.42,154.28,15
2010-12-03,154.5,155.41,154.25,155.41,1500
2010-12-06,155.03,155.03,152.83,152.89,13
2010-12-07,153.74,153.74,153.35,153.35,1
2010-12-08,152.15,156.1,152.15,155.92,2200
2010-12-09,157.54,157.89,157.54,157.89,22
2010-12-10,158.2,158.2,156.51,156.51,2212
2010-12-13,156.88,156.88,156.74,156.74,1
2010-12-14,157.1,157.1,156.36,157.02,2285
2010-12-15,155.42,155.42,154.57,154.57,4
2010-12-16,153.74,154.42,153.74,154.42,7
2010-12-17,154.9,154.9,152.18,152.18,1
2010-12-20,151.9,153.82,151.9,153.82,92
2010-12-21,155.01,157.52,155.01,157.52,50
2010-12-22,157.63,157.63,156.93,156.93,160
2010-12-23,157.28,157.28,155.88,155.88,1
2010-12-27,155.16,155.16,151.89,152.43,7
2010-12-28,153.38,153.38,152.85,152.85,4
2010-12-29,153.43,153.85,153.43,153.85,50
2010-12-30,154.06,154.06,152.48,152.48,1
2011-01-03,152.77,153.1,152.42,152.42,101
2011-01-04,152.6,153.47,151.27,152.75,1010
2011-01-05,152.25,152.25,149.56,151.4,5
2011-01-06,151.48,151.48,149.59,149.59,242
2011-01-07,149.05,149.05,147.39,147.39,33
2011-01-10,146.11,146.11,145,145.6,62
2011-01-11,146.07,147.59,145.81,147.59,172
2011-01-12,148.5,156.31,148.5,156.31,1
2011-01-13,158.52,161.94,158.52,161.59,773
2011-01-14,161.11,161.88,161.11,161.88,1
2011-01-17,161.28,161.28,160.37,160.37,1
2011-01-18,161.6,165.39,161.6,165.39,2090
2011-01-19,165.35,165.35,164.78,165.31,70
2011-01-20,164.46,166.68,164.46,166.57,3309
2011-01-21,167.05,171.52,167.05,169.84,4986
2011-01-24,170.95,171.03,167.96,169.61,2949
2011-01-25,169.53,169.53,166.43,166.58,1271
2011-01-26,168.2,168.75,166.93,166.95,2207
2011-01-27,165.5,169.83,165.3,169.36,1399
2011-01-28,169.36,171.34,167.98,167.98,2304
2011-01-31,167.53,170,167.08,169.06,55
2011-02-01,170.43,171.63,168.75,171.55,36
2011-02-02,171.5,172.11,171.1,172.05,187
2011-02-03,172.01,172.01,168.75,169.92,171
2011-02-04,170.12,170.12,168.33,169.21,1841
2011-02-07,169.93,171.28,169.93,170.44,15
2011-02-08,170.82,171.32,170.82,171.25,14
2011-02-09,170.61,172.08,170.54,170.54,97
2011-02-10,169.48,169.48,166.7,168.09,50
2011-02-11,167.33,168.35,167.33,168.35,9
2011-02-14,169.25,169.25,167.17,167.61,2819
2011-02-15,166.93,168.36,166.93,168.36,79
2011-02-16,169.61,173.32,169.61,172.54,74
2011-02-17,172.78,173.67,172.78,173.67,12
2011-02-18,174.39,174.39,171.89,173.15,15
2011-02-21,171.43,171.43,168.95,168.95,95
2011-02-22,166.85,167.1,165.55,167.1,42
2011-02-23,166.85,166.85,165.84,165.84,6
2011-02-24,165.09,165.87,165,165.87,25
2011-02-25,166.53,168.67,166.53,168.67,1
2011-02-28,168.34,169.19,168.34,169.19,1
2011-03-01,170.44,170.44,167.42,167.42,117
2011-03-02,166.16,166.2,165.71,165.71,2715
2011-03-03,166.4,166.4,164.2,164.2,1
2011-03-04,165.01,165.01,162.86,162.86,320
2011-03-07,162.99,162.99,162.6,162.6,105
2011-03-08,163.64,163.94,163.64,163.94,1
2011-03-09,164.1,164.1,163.87,163.87,1
2011-03-10,161.9,162,161.9,162,1
2011-03-11,160.31,161.43,160.31,161.36,15
2011-03-14,163,163,161.86,161.86,20
2011-03-15,159.21,160.88,157,160.88,2332
2011-03-16,162.09,162.09,156.79,156.79,500
2011-03-17,157.63,160.45,157.63,160.45,33
2011-03-18,161.65,161.65,160.27,160.27,27
2011-03-21,162.31,164.15,162.31,164.15,1
2011-03-22,165.7,166.5,164.16,164.43,2318
2011-03-23,163.79,164.98,163.79,164.98,1
2011-03-24,163.12,166.72,163.12,166.72,1
2011-03-25,166.97,166.97,165.86,165.86,3
2011-03-28,166.24,166.69,166.24,166.66,1735
2011-03-29,166.7,166.7,165.22,165.94,2647
2011-03-30,167.37,167.37,165.6,165.83,1060
2011-03-31,166.31,166.31,163.55,163.55,900
2011-04-01,164.98,166.09,164.44,166.09,35
2011-04-04,165.59,167.02,165.59,166.44,202
2011-04-05,165.43,165.43,164.78,165.04,9284
2011-04-06,164.84,167.69,164.79,167.69,188
2011-04-07,168.21,169.4,167.68,168.08,3393
2011-04-08,169.07,169.66,169.07,169.17,23
2011-04-11,169.23,169.23,168.67,168.67,30
2011-04-12,167.4,167.4,167.19,167.19,25
2011-04-13,167.67,167.75,167.19,167.19,3200
2011-04-14,166.27,166.27,164.39,164.39,1
2011-04-15,164.09,164.09,163.06,163.26,666
2011-04-18,162.88,162.88,159.64,159.64,30
2011-04-19,160.18,160.33,160.18,160.33,1
2011-04-20,161.95,162.83,161.72,162.83,3300
2011-04-21,163.31,163.4,163.31,163.4,1
2011-04-26,164.79,164.79,164.79,164.79,0
2011-04-27,165.16,166.23,165.16,166.23,1
2011-04-28,168.21,168.3,168.21,168.3,1
2011-04-29,168.89,168.89,168.29,168.29,1
2011-05-02,169.77,169.77,169.34,169.34,1
2011-05-03,168.73,168.73,168.56,168.56,1
2011-05-04,168.04,169.24,166.81,166.81,2093
2011-05-05,166.83,166.83,164.9,165.39,1305
2011-05-06,165.26,165.98,165.26,165.98,1
2011-05-09,165.05,165.05,162.64,162.64,1207
2011-05-10,162.54,163.78,162.54,163.78,1
2011-05-11,164.48,164.91,164.4,164.91,171
2011-05-12,163.29,164,163.29,164,1
2011-05-13,163.91,163.91,161.83,162.1,25
2011-05-16,0,0,0,0,0
2011-05-17,162,162,161.45,161.45,1
2011-05-18,162.48,162.48,162.08,162.08,1
2011-05-19,162.78,162.78,162.37,162.37,1
2011-05-20,162.85,162.85,160.09,160.09,1
2011-05-23,157.96,157.96,157.96,157.96,0
2011-05-24,158.15,158.45,158.15,158.45,1
2011-05-25,157.34,159.95,157.34,159.95,1
2011-05-26,160.63,161.15,159.75,159.75,3
2011-05-27,161.3,161.3,160.58,160.58,1
2011-05-30,160.54,160.54,160.46,160.51,9
2011-05-31,162.7,164.09,162.7,164.09,1
2011-06-01,164.67,164.67,161.96,161.96,1
2011-06-02,160.42,160.84,160.42,160.84,1
2011-06-03,161.18,161.41,160.87,161.41,278
2011-06-06,159.31,159.48,159.31,159.48,243
2011-06-07,159.24,159.45,159.24,159.45,1
2011-06-08,159.05,159.05,158.09,158.09,1
2011-06-09,158.41,158.49,158.41,158.49,1
2011-06-10,158.34,158.34,155.84,155.84,10
2011-06-13,155.91,155.91,155.68,155.68,1
2011-06-14,156.86,158.74,156.86,158.74,1
2011-06-15,158,158,155.38,155.38,60
2011-06-16,153.94,155.17,153.85,155.17,15
2011-06-17,153.95,159.25,153.95,159.25,1
2011-06-20,156.33,157.82,156.33,157.82,1
2011-06-21,159.03,160.69,159.03,160.69,1165
2011-06-22,160.75,160.81,160.75,160.81,1
2011-06-23,159.33,159.33,155.72,155.72,1
2011-06-24,157.53,157.53,153.81,153.81,4
2011-06-27,154.01,154.85,154.01,154.85,1
2011-06-28,0,0,0,0,0
2011-06-29,157.23,158.92,157.23,158.92,1
2011-06-30,160.02,162.32,160.02,162.32,1
2011-07-01,162.45,164.84,162.45,164.84,1
2011-07-04,164.31,164.31,164.31,164.31,0
2011-07-05,163.76,163.76,162.24,162.24,1516
2011-07-06,161.09,161.09,160.01,160.11,605
2011-07-07,160.51,160.51,160.39,160.39,1
2011-07-08,161.28,161.28,155.87,155.87,2611
2011-07-11,154.78,154.78,152.11,152.11,1
2011-07-12,149.3,151.19,146,150.97,6
2011-07-13,150.48,152.45,150.48,152.45,1
2011-07-14,150.73,151.7,150.73,151.7,1
2011-07-15,150.53,150.53,149.86,149.86,1
2011-07-18,149.31,149.31,147.68,147.68,70
2011-07-19,148.47,150.65,148.47,149.12,12540
2011-07-20,150.82,153.74,150.82,153.74,1
2011-07-21,155.58,158.43,155.58,158.43,1
2011-07-22,160.91,160.91,158.93,158.93,1
2011-07-25,159.03,159.03,155.76,155.76,1
2011-07-26,156.52,156.52,155.43,155.43,1
2011-07-27,154.03,154.03,151.88,151.88,1
2011-07-28,150.13,152.15,150.13,152.15,15
2011-07-29,150.3,151.89,150.3,151.89,1
2011-08-01,154.06,154.06,147.32,147.32,1
2011-08-02,146.72,146.72,144.12,144.12,1
2011-08-03,142.69,144.3,142.46,143.04,250
2011-08-04,145.13,145.13,138.31,138.31,1
2011-08-05,135.36,138,135.36,137.69,10
2011-08-08,140.91,140.91,135.01,135.01,6
2011-08-09,137.66,137.66,133.92,133.92,1
2011-08-10,136.01,136.01,126.8,126.8,7778
2011-08-11,129.59,130.3,129.59,130.3,1
2011-08-12,130.4,136.78,130.4,136.78,1
2011-08-15,138.36,138.36,138,138.05,101
2011-08-16,136.94,137.78,136.94,137.78,1
2011-08-17,136.47,138.5,136.47,138.5,1
2011-08-18,136.64,136.64,130.74,132.71,15
2011-08-19,131.13,131.13,128.96,129.67,4
2011-08-22,129.25,131.78,129.25,131.78,6
2011-08-23,133.23,133.23,132.02,132.02,1
2011-08-24,133.26,133.26,132.99,132.99,1
2011-08-25,134.2,134.2,131.76,131.76,1
2011-08-26,132.31,132.31,130.05,130.05,1
2011-08-29,131.94,133.22,131.94,133.22,1
2011-08-30,134.69,134.69,133.84,133.84,11
2011-08-31,134.65,137.97,134.65,137.97,1
2011-09-01,139.2,139.2,138.41,138.41,1
2011-09-02,137.07,137.07,134.26,134.26,1
2011-09-05,131.59,131.59,127.9,127.9,1
2011-09-06,127.91,128.93,125.99,125.99,406
2011-09-07,128.43,128.92,128.43,128.92,15
2011-09-08,129.49,130.82,129.49,130.82,1
2011-09-09,130.76,130.76,125.1,125.1,3
2011-09-12,122.47,122.47,120.67,122.47,1
2011-09-13,122.18,124.07,122.18,122.18,1
2011-09-14,123.04,127.05,123.04,123.04,40
2011-09-15,129.03,132.11,129.03,129.03,1
2011-09-16,133.49,133.49,132.56,133.49,1
2011-09-19,129.85,130.54,129.68,130.42,215
2011-09-20,130.14,132.48,130.14,132.48,1
2011-09-21,132.63,132.63,130.17,130.17,1
2011-09-22,124.22,124.22,124.22,124.22,0
2011-09-23,126.07,127.35,126,127.35,10
2011-09-26,125.56,130.54,125.56,130.54,1
2011-09-27,133.01,135.84,133.01,135.84,3
2011-09-28,133.64,134.79,133.64,134.79,1
2011-09-29,134.52,136.52,134.52,136.52,1
2011-09-30,136.05,136.52,136.05,136.52,1
2011-10-03,132.76,132.88,132.76,132.88,1
2011-10-04,131.46,131.46,129.92,130.94,47
2011-10-05,133.9,135.26,132.8,135.26,400
2011-10-06,135.9,138.71,135.9,138.71,28
2011-10-07,138.65,140.47,138.65,140.47,1
2011-10-10,141.58,141.58,140.82,141.43,10
2011-10-11,140.75,140.75,139.77,140.63,180
2011-10-12,139.87,143.55,139.87,143.55,1
2011-10-13,143.1,143.1,141.84,141.84,1
2011-10-14,141.95,142.44,141.95,142.44,1
2011-10-17,143.37,143.37,140.96,140.96,1
2011-10-18,139.32,140.22,139.32,140.22,1
2011-10-19,141.18,141.38,141.03,141.12,1012
2011-10-20,139.48,139.48,136.75,136.75,1
2011-10-21,138.01,140.66,138.01,140.66,1
2011-10-24,141.83,142.59,141.83,142.59,1
2011-10-25,142.19,142.19,140.99,140.99,1
2011-10-26,141.19,141.19,140,140,1
2011-10-27,144.25,147.47,144.25,147.47,3370
2011-10-28,147.77,147.77,146.73,146.73,1
2011-10-31,145.68,145.68,142.56,142.56,1
2011-11-01,139.2,139.2,135.95,135.95,1
2011-11-02,138.14,138.14,135.45,136.37,118
2011-11-03,133.97,138.55,133.97,138.55,486
2011-11-04,139.52,139.52,136.57,136.57,1
2011-11-07,134.73,135.63,134.73,135.63,1
2011-11-08,136.7,136.7,136.59,136.59,1
2011-11-09,137.44,137.44,133.41,133.41,1
2011-11-10,132.11,133.12,132.11,133.12,1
2011-11-11,132.63,137.19,132.63,137.19,1
2011-11-14,137.68,137.92,133.88,133.88,550
2011-11-15,131.84,131.84,131.84,131.84,0
2011-11-16,131.67,133.24,131.67,133.24,1
2011-11-17,132.82,132.82,132.55,132.55,1
2011-11-18,133.51,133.51,133.51,133.51,350
2011-11-21,133.05,133.05,128.88,128.88,1
2011-11-22,129.9,129.9,126.91,126.91,1
2011-11-23,125.58,125.62,124.14,124.14,265
2011-11-24,125.31,125.31,123.81,123.81,1
2011-11-25,124.16,124.65,122.14,124.65,60
2011-11-28,126.56,130.28,126.56,130.28,4400
2011-11-29,129.27,130.36,129.27,130.36,60
2011-11-30,129.25,135.26,128.99,135.26,304
2011-12-01,135.13,135.13,135,135.09,17
2011-12-02,136.38,137.39,136.38,137.39,2368
2011-12-05,139.02,139.81,139.02,139.81,1
2011-12-06,138.9,139.95,138.9,139.88,11023
2011-12-07,141.56,141.56,138.82,138.82,5
2011-12-08,140.06,140.06,135.91,135.91,1
2011-12-09,134.96,139.22,134.96,139.22,1
2011-12-12,137.65,137.65,134.74,134.74,1
2011-12-13,135.42,135.42,133.59,133.59,1
2011-12-14,132.67,132.82,131.44,131.44,185
2011-12-15,131.5,132.36,131.5,132.36,1
2011-12-16,132.89,132.89,131.09,131.09,1
2011-12-19,130.79,132.35,130.79,132.35,2300
2011-12-20,131.97,135.85,131.97,135.85,1
2011-12-21,137.24,137.24,134.3,134.3,1
2011-12-22,135.54,135.75,135.54,135.75,2934
2011-12-23,137.07,137.07,137.04,137.04,1
2011-12-27,137.01,137.01,137,137,1
2011-12-28,136.61,136.61,134.02,134.02,1
2011-12-29,134.89,136.66,134.89,136.66,1
2011-12-30,137.42,137.42,136.67,136.67,1
2012-01-02,138.16,140.36,138.16,140.36,1
2012-01-03,140.5,140.78,140.5,140.78,8
2012-01-04,139.52,139.52,137.75,137.75,1
2012-01-05,137.95,137.95,133.77,133.77,1
2012-01-06,134.26,134.26,132.65,132.65,1
2012-01-09,133.5,133.5,132.58,132.58,1
2012-01-10,134.45,136.6,134.45,136.6,152
2012-01-11,136.67,136.67,135.99,135.99,1
2012-01-12,136.36,138.22,135.93,135.93,6340
2012-01-13,137.15,137.15,136.43,136.43,1
2012-01-16,135.48,136.62,135.48,136.62,1
2012-01-17,138.12,138.19,138.12,138.19,1
2012-01-18,137.81,137.81,136.23,136.23,1
2012-01-19,136.87,139.24,136.87,139.24,50
2012-01-20,139.28,139.28,138.63,138.63,47
2012-01-23,138.35,139.65,138.35,139.65,1
2012-01-24,138.52,139.37,138.52,139.37,50
2012-01-25,139.55,139.55,138.9,138.9,1
2012-01-26,139.43,141.35,139.43,141.35,2300
2012-01-27,140.56,140.88,140.56,140.88,1
2012-01-30,139.74,139.74,138.56,138.56,1
2012-01-31,139.28,139.28,138.13,138.13,1
2012-02-01,139.14,141.43,139.14,141.43,1
2012-02-02,142.21,142.46,141.2,142.46,4405
2012-02-03,142.3,143.91,142.3,143.91,1
2012-02-06,143.28,143.62,143.28,143.62,8
2012-02-07,144.12,144.13,142.69,144.13,70
2012-02-08,144.87,144.87,143.87,143.87,1
2012-02-09,144.59,144.67,144.59,144.67,1
2012-02-10,143.68,143.68,142.72,143.04,140
2012-02-13,144.16,144.16,142.9,142.9,90
2012-02-14,141.95,142.71,141.95,142.71,100
2012-02-15,143.41,143.41,142.14,142.14,1
2012-02-16,139.53,139.53,139.06,139.06,1
2012-02-17,140.45,140.72,140.45,140.72,1
2012-02-20,141.98,143.42,141.98,143.42,1
2012-02-21,143.52,143.52,142.6,142.6,1
2012-02-22,142.54,142.54,140.59,140.59,1
2012-02-23,140.2,140.2,138.66,138.66,1
2012-02-24,139.11,139.11,138.43,138.43,1
2012-02-27,138.02,138.7,138.02,138.7,1
2012-02-28,139.17,139.17,138.49,138.49,1
2012-02-29,139.09,139.09,137.52,137.52,1
2012-03-01,137.18,138.99,137.18,138.99,1
2012-03-02,139.61,139.61,139.26,139.26,1
2012-03-05,138.64,138.64,137.56,137.56,11
2012-03-06,136.67,136.67,132.74,132.74,325
2012-03-07,133.07,133.07,132.5,132.73,9
2012-03-08,133.45,135.28,133.45,135.28,1
2012-03-09,135.32,135.32,134.58,134.58,1
2012-03-12,134.53,134.77,132.91,132.91,1400
2012-03-13,133.63,136.02,133.63,136.02,1
2012-03-14,137.14,137.76,136.22,136.22,63
2012-03-15,136.37,136.61,136.37,136.61,25
2012-03-16,137.25,137.72,137.25,137.72,1
2012-03-19,137.78,139.9,137.78,139.9,59
2012-03-20,139.48,139.48,139.43,139.43,1
2012-03-21,140.22,140.22,137.95,137.95,100
2012-03-22,136.78,136.78,135.71,135.71,1
2012-03-23,135.94,135.94,133.9,134.17,38
2012-03-26,134.24,134.24,133.2,133.2,1
2012-03-27,134.21,135.4,131.91,131.91,190
2012-03-28,132.17,132.17,129.34,129.34,94
2012-03-29,128.87,128.87,128.43,128.43,1
2012-03-30,128.86,129.99,128.86,129.99,1
2012-04-02,130.26,130.26,130.26,130.26,1
2012-04-03,126.64,129.29,128,126.64,2625
2012-04-04,124.25,124.25,124.25,124.25,1
2012-04-05,123.81,123.98,123.98,123.81,3
2012-04-10,122.28,122.28,122.28,120.26,2
2012-04-11,120.82,122.83,120.82,122.98,3150
2012-04-12,120.96,120.96,120.96,121.66,800
2012-04-13,120.7,120.7,120,118.02,120
2012-04-16,0,0,0,0,0
2012-04-17,118.68,118.75,118.33,120.3,2602
2012-04-18,119.64,119.64,119.64,115.57,2300
2012-04-19,116.08,116.08,116.08,112.7,2
2012-04-20,113.66,113.66,113.66,115.15,440
2012-04-23,112,112,111.52,111.9,300
2012-04-24,113.91,114.54,113.91,114.54,6007
2012-04-25,116.46,116.46,116.46,116.46,1
2012-04-26,115,115,114.17,114.83,30
2012-04-27,116.77,116.77,116.77,116.77,1
2012-04-30,114.18,114.18,114.18,114.18,1
2012-05-02,112.82,112.82,111.54,111.44,368
2012-05-03,111.85,111.85,111.85,111.63,30
2012-05-04,114.02,114.02,114.02,112.48,1500
2012-05-07,115.81,115.81,115.81,115.81,1
2012-05-08,114.91,114.91,114.91,114.91,1
2012-05-09,111.74,111.74,111.74,111.74,1
2012-05-10,115.62,115.62,115.62,115.62,1
2012-05-11,114.57,114.9,114.57,115.08,14
2012-05-14,111.94,111.94,111.1,111.73,95
2012-05-15,110,110,110,109.82,14
2012-05-16,108.47,108.47,108.47,108.47,1
2012-05-17,108.4,108.4,108.4,107.43,4
2012-05-18,107.29,109.45,107.29,109.09,10
2012-05-21,108.64,108.64,108.4,108.4,3
2012-05-22,108.85,110.49,108.85,110.49,1
2012-05-23,107.26,109.15,106.97,106.97,158
2012-05-24,108.83,108.83,107.75,108.6,2300
2012-05-25,108.51,109.22,108.51,108.51,1
2012-05-28,109.14,109.76,106.19,106.19,2613
2012-05-29,105.53,106.8,103.27,103.33,9321
2012-05-30,102.1,103.33,101.06,101.06,2609
2012-05-31,101.82,101.82,101.16,101.16,1
2012-06-01,102.46,102.46,101.13,101.36,208
2012-06-04,0,0,0,0,0
2012-06-05,105.53,105.72,104.9,105.02,627
2012-06-06,108.2,108.2,105.65,107.53,4325
2012-06-07,108.2,108.98,107.99,107.99,2215
2012-06-08,106.53,110.18,106.51,109.99,7030
2012-06-11,116.35,116.35,109.44,109.44,5305
2012-06-12,109.17,109.72,109.17,109.72,11358
2012-06-13,110.95,111.28,109.7,111.28,3700
2012-06-14,111.65,112.63,111.08,112.63,170
2012-06-15,112.35,113.8,112.35,112.51,1600
2012-06-18,113.9,114.55,109.05,109.05,1153
2012-06-19,110.95,111.85,109.28,111.85,1750
2012-06-20,112.01,113.87,112.01,113.87,141
2012-06-21,115.67,115.67,112.93,113.71,2950
2012-06-22,115.34,117,112.66,115.43,298
2012-06-25,112.72,112.72,111.08,111.08,240
2012-06-26,110.9,111.29,109.43,109.43,140
2012-06-27,109.8,111.94,109.8,111.94,230
2012-06-28,111.94,112.86,111.94,112.86,55
2012-06-29,117.79,119.27,116.35,119.27,20783
2012-07-02,118.73,120.01,118.73,120.01,612
2012-07-03,120.42,121.22,118.77,121.22,5170
2012-07-04,120.32,121.19,120.32,121.03,60
2012-07-05,119.9,121.15,117.47,117.47,360
2012-07-06,115.92,116.19,113.33,113.33,5
2012-07-09,111.62,113.63,111.62,112.54,12
2012-07-10,114.3,114.58,113.31,113.31,117
2012-07-11,113.72,114.88,112.88,114.88,176
2012-07-12,112.37,113.56,112.19,112.19,5
2012-07-13,113.1,113.1,112.47,113.1,1
2012-07-16,110.89,113.23,110.89,110.89,1
2012-07-17,111.22,111.52,111.22,111.22,1
2012-07-18,111.76,111.76,111.66,111.66,20
2012-07-19,112.27,112.61,112.08,112.34,29123
2012-07-20,0,0,0,0,0
2012-07-23,101.07,104.61,100,104.61,115
2012-07-24,101.66,105.25,100.5,100.5,65
2012-07-25,101.8,101.8,101.26,101.26,12
2012-07-26,101.89,107.44,101.02,107.43,144
2012-07-27,111.98,111.98,108.27,111.98,1
2012-07-30,111.98,115.23,111.98,115.23,100
2012-07-31,115.11,116.88,113.8,113.8,1154
2012-08-01,114.76,114.76,112.97,114.12,65
2012-08-02,113.64,114.23,108.05,108.05,873
2012-08-03,109.7,114.42,107.51,114.42,380
2012-08-06,115.67,119.79,114.8,119.26,11960
2012-08-07,121.86,122.36,119.6,122.36,14
2012-08-08,120.96,122.41,120.96,121.7,79
2012-08-09,121.92,122.54,120.84,120.84,4
2012-08-10,119.55,119.88,119.55,119.55,1
2012-08-13,119.82,120.43,119.82,120.43,12
2012-08-14,121.31,121.38,121.31,121.31,1
2012-08-15,121.33,121.33,121.29,121.33,1
2012-08-16,126.52,126.52,121.79,126.52,1
2012-08-17,127.82,129.5,126.99,128.41,170
2012-08-20,127.05,128.57,127.05,127.05,1
2012-08-21,128,128.06,126.81,128.06,60
2012-08-22,124.95,127.21,124.95,124.95,1
2012-08-23,123.5,126.21,123.5,123.5,1
2012-08-24,124,124.43,122.68,124.41,2433
2012-08-27,125.25,125.67,124.07,125.67,1500
2012-08-28,125.4,126.03,124.41,124.66,12366
2012-08-29,124.31,125.05,124.31,124.31,1
2012-08-30,123.49,123.92,122.34,122.34,842
2012-08-31,125.05,126.35,121.88,126.35,350
2012-09-03,125.84,126.63,125.51,126.63,29
2012-09-04,128.19,128.42,126.91,127.78,4486
2012-09-05,128.04,128.04,127.32,127.57,1018
2012-09-06,130.02,134.1,128.57,133.85,4447
2012-09-07,135.32,136.91,134.17,134.42,15945
2012-09-10,134,134.27,133.41,134.19,11445
2012-09-11,133.75,135.57,132.63,135.57,12109
2012-09-12,136.72,137.5,136.36,136.72,8809
2012-09-13,136.09,136.27,134.68,135.67,6332
2012-09-14,138.9,139,138.44,138.68,6142
2012-09-17,138.43,139.09,137.77,139.09,10853
2012-09-18,136.96,137.95,135.75,137.24,4600
2012-09-19,137.55,138.21,137.55,137.79,3700
2012-09-20,136.06,136.36,136.06,136.06,1
2012-09-21,138.84,139.27,138.84,139.27,50
2012-09-24,137.76,138.82,137.76,138.4,10
2012-09-25,139.44,139.44,138.43,138.98,10
2012-09-26,135.69,136.87,133.28,133.42,8541
2012-09-27,133.45,134.14,133.26,133.26,50
2012-09-28,131.07,134.76,131.07,131.07,1
2012-10-01,132.09,132.67,131.62,132.67,50
2012-10-02,131.79,134.32,131.27,133.64,5219
2012-10-03,132.79,132.79,132.73,132.79,1
2012-10-04,133.19,134.17,132.2,132.37,1481
2012-10-05,135.36,135.36,133.31,135.36,1
2012-10-08,134.14,134.19,134.14,134.19,35
2012-10-09,132.88,134.25,131.53,131.53,774
2012-10-10,130.39,131.12,130.21,130.21,1135
2012-10-11,129.86,131.36,128.61,131.36,275
2012-10-12,131.46,131.46,130.11,130.11,940
2012-10-15,130.37,130.37,130.27,130.37,1
2012-10-16,132.2,135.23,131.82,135.23,928
2012-10-17,137.18,139.17,137.18,139.17,731
2012-10-18,139.48,139.48,138.44,138.59,2217
2012-10-19,136.44,137.6,135,135,2035
2012-10-22,135.36,135.36,134.14,134.14,1875
2012-10-23,131.77,134.13,131.77,132.43,35
2012-10-24,131.91,133.07,131.91,132.85,280
2012-10-25,133.02,133.28,132.44,132.59,1909
2012-10-26,132.58,132.58,131.32,132.36,1210
2012-10-29,131.57,131.89,131.02,131.51,2843
2012-10-30,132.7,133.39,132.29,133.39,60
2012-10-31,134.3,134.48,133.54,133.54,126
2012-11-01,134.21,134.21,133.15,134.21,1
2012-11-02,135.06,135.82,134.87,135.82,17
2012-11-05,133.86,134.07,133.29,133.29,165
2012-11-06,133.65,133.65,133.03,133.5,17
2012-11-07,130.11,134.73,130.11,130.11,1
2012-11-08,130.57,131.1,129.93,129.93,7
2012-11-09,128.65,130.27,128.65,130.27,20
2012-11-12,128.74,129.37,128.74,128.93,17
2012-11-13,128.41,131.51,128.12,131.51,221
2012-11-14,131,131.03,131,131,1
2012-11-15,131.34,131.71,130.08,131.52,232
2012-11-16,129.54,131.45,129.54,129.54,1
2012-11-19,132.52,132.52,130.63,132.52,1
2012-11-20,132.54,132.54,131.78,132.54,1
2012-11-21,133.29,133.29,132.1,133.07,8
2012-11-22,134.52,134.53,133.53,134.34,205
2012-11-23,134.25,134.93,134.25,134.93,110
2012-11-26,134.57,134.69,134.32,134.69,21010
2012-11-27,134,135.78,133.91,133.91,10
2012-11-28,133.65,133.95,133.65,133.77,700
2012-11-29,135.6,136.16,134.79,136.16,700
2012-11-30,135.85,136.2,135.39,135.39,1184
2012-12-03,135.92,135.92,134.73,134.73,363
2012-12-04,135.54,135.65,135.11,135.11,4482
2012-12-05,136.37,136.37,134.63,134.85,761
2012-12-06,135.7,135.78,135.16,135.28,500
2012-12-07,135.41,135.64,133.83,133.83,60
2012-12-10,131.91,133.47,131.56,133.47,481
2012-12-11,134.57,136.44,133.73,135.28,1299
2012-12-12,135.59,137.41,135.54,137.41,1652
2012-12-13,137.15,137.44,136.54,136.96,2323
2012-12-14,137.31,137.42,137.13,137.27,1942
2012-12-17,136.86,137.33,136.68,137.33,2331
2012-12-18,138.49,138.68,137.81,138.68,208
2012-12-19,141.03,141.95,139.92,141.76,628
2012-12-20,140.69,141.33,140.3,141.33,1237
2012-12-21,140.24,141.16,140.22,141.16,1683
2012-12-27,142.8,142.8,141.41,141.41,1563
2012-12-28,140.73,141.74,138.93,139.49,1280
2013-01-02,144.2,145.18,142.62,144.55,3016
2013-01-03,143.83,144.43,143.45,144.35,115
2013-01-04,145.04,145.04,144.22,145.04,1
2013-01-07,146.64,146.64,144.61,145.02,136
2013-01-08,144.54,145.79,144.04,145.16,918
2013-01-09,146.53,148.42,146.11,148.42,3934
2013-01-10,150.22,150.22,148.18,149.22,993
2013-01-11,149.05,149.93,148.84,149.9,310
2013-01-14,150.79,150.88,149.4,149.91,1360
2013-01-15,149,149.54,148.47,149.47,82
2013-01-16,149.41,149.41,148.6,149.4,152
2013-01-17,149.67,150.44,149.48,150.44,6849
2013-01-18,150.82,150.82,149.33,149.5,540
2013-01-21,149.82,150.58,149,150.58,213
2013-01-22,150.6,150.62,149.34,149.97,731
2013-01-23,149.16,150.58,149.16,150.58,22012
2013-01-24,150.03,150.81,149.2,150.81,2128
2013-01-25,151.17,151.79,149.79,150.05,1419
2013-01-28,152.12,152.12,150.88,150.88,4006
2013-01-29,150.95,150.95,149.55,150.04,3529
2013-01-30,150.75,150.75,148.81,148.81,472
2013-01-31,148.13,148.13,145.63,145.63,213
2013-02-01,142,143.15,141.5,142.52,4180
2013-02-04,142.3,142.3,137.03,137.03,2077
2013-02-05,137.49,139.5,136.81,139.5,13
2013-02-06,139.5,139.78,139.2,139.35,1370
2013-02-07,138.32,139.97,138.32,138.32,1
2013-02-08,139,141.53,138.94,141.49,814
2013-02-11,141,142.17,139.87,139.87,5290
2013-02-12,139.77,142.6,139.77,142.2,346
2013-02-13,143.5,143.5,142.84,143.5,1
2013-02-14,143.3,143.3,141.39,142.58,74
2013-02-15,141.75,142.22,140.77,140.77,1365
2013-02-18,139.52,140.35,139.52,139.88,175
2013-02-19,141.87,142.09,139.98,142.09,2436
2013-02-20,142.23,142.23,140.48,140.79,15775
2013-02-21,138.44,139.72,138.09,138.09,273
2013-02-22,139.86,141,138.9,141,434
2013-02-25,142.55,144.55,142.22,142.22,2517
2013-02-26,138.45,138.48,137.11,137.39,172
2013-02-27,137.91,140.06,137.3,140.06,14
2013-02-28,140.51,141.97,140.51,141.97,638
2013-03-01,140.21,141.74,140.21,140.71,27
2013-03-04,142.16,142.32,141.89,142.32,170
2013-03-05,143.76,145.2,143.76,145.11,1329
2013-03-06,145.78,145.9,143.89,143.89,118
2013-03-07,144.9,145.25,144.63,144.63,325
2013-03-08,146,150.5,145.75,150.5,784
2013-03-11,148.51,148.66,145.72,147.58,7899
2013-03-12,147.86,147.86,146.77,147.21,219
2013-03-13,145.75,146.65,145.75,146.65,90
2013-03-14,0,0,0,0,0
2013-03-15,148.73,149.49,148.73,148.73,1
2013-03-18,144.46,146.84,144.46,146.84,557
2013-03-19,146.39,146.62,143.36,143.36,310
2013-03-20,144.6,145.09,144.6,145.09,5
2013-03-21,144.11,144.83,143.55,144.04,535
2013-03-22,143.97,143.97,143.56,143.97,47
2013-03-25,145.25,145.71,139.93,139.93,224
2013-03-26,136.98,140.56,136.98,136.98,1
2013-03-27,136.19,137.01,134.6,135.72,305
2013-03-28,133.86,136.05,133.83,135.52,307
2013-04-02,136.3,138.31,135.5,137.84,2357
2013-04-03,136.19,137.09,135.48,135.48,35
2013-04-04,136.78,136.78,134.39,134.39,1245
2013-04-05,135.49,135.49,133.04,134.06,1564
2013-04-08,134.8,135.02,133.75,133.75,2373
2013-04-09,134.12,135.69,134.12,135.69,44
2013-04-10,138.2,140.39,138.2,140.39,48
2013-04-11,140.28,140.81,139.97,140.81,1902
2013-04-12,139.85,139.85,139.37,139.37,2414
2013-04-15,138.76,139.22,138.34,138.55,59
2013-04-16,137.55,137.91,137.55,137.55,1
2013-04-17,136.3,138.07,135.38,135.38,332
2013-04-18,136.6,136.6,135.68,135.68,12
2013-04-19,136.94,137.34,136.63,137.03,190
2013-04-22,138.91,139.18,138.62,138.98,300
2013-04-23,140.47,143.99,139.73,143.69,216
2013-04-24,144.37,145.8,144.37,145.72,278
2013-04-25,144.99,145.73,143.9,145.73,562
2013-04-26,0,0,0,0,0
2013-04-29,145.15,146.55,145.15,146.55,2561
2013-04-30,145.88,147.65,145.74,145.74,390
2013-05-02,146.5,146.5,146.01,146.01,45
2013-05-03,145.79,148.18,145.79,148.05,120
2013-05-06,147.9,147.94,147.04,147.19,25
2013-05-07,0,0,0,0,0
2013-05-08,147.88,149.26,147.86,148.96,707
2013-05-09,148.65,149.04,148.65,148.65,1
2013-05-10,149.91,149.91,147.69,147.69,471
2013-05-13,146.25,148.1,145.84,145.84,1143
2013-05-14,144.93,147.01,144.93,146.37,5720
2013-05-15,146.16,148.07,146.16,148.07,268
2013-05-16,147.54,148.14,147.54,147.75,272
2013-05-17,147.92,147.92,147.59,147.92,345
2013-05-20,145.8,147.92,145.8,146.84,68
2013-05-21,146.59,147.26,145.72,145.98,175
2013-05-22,146.05,146.71,146.05,146.05,1
2013-05-23,143.11,144.07,143.11,143.94,820
2013-05-24,144.34,144.8,141.81,142.7,713
2013-05-27,143.42,144.38,143.3,144.38,3
2013-05-28,147.13,147.13,145.36,147.13,1
2013-05-29,146.23,146.65,146.17,146.17,135
2013-05-30,145.85,145.91,145.62,145.91,50
2013-05-31,143.99,145.89,143.99,143.99,1
2013-06-03,142.68,143.54,142.66,143.54,450
2013-06-04,144.58,144.78,144.42,144.42,179
2013-06-05,145.12,145.12,142.88,142.88,78
2013-06-06,144.73,144.73,141.67,141.67,137
2013-06-07,141.75,142.94,141.14,142.28,241
2013-06-10,142.87,142.96,141.57,141.57,700
2013-06-11,137.85,140.64,137.66,139.29,74
2013-06-12,141.28,141.28,139.29,139.7,77
2013-06-13,136.84,138.68,136.82,138.68,991
2013-06-14,0,0,0,0,0
2013-06-17,140.28,140.58,139.98,139.98,218
2013-06-18,140.6,140.6,139.63,140.6,1
2013-06-19,139.07,140.19,139.07,139.07,1
2013-06-20,137.31,137.48,134.27,134.27,200
2013-06-21,135.18,135.2,132.05,132.05,91
2013-06-24,130,132.22,129.27,129.27,68
2013-06-25,131.15,131.15,130.58,130.58,65
2013-06-26,134.45,134.45,130.37,134.45,1
2013-06-27,134.6,134.62,133.9,134.23,411
2013-06-28,133.11,136.03,133.1,133.1,1
2013-07-01,135.11,135.86,134.32,135.63,73
2013-07-02,135.94,135.94,135.35,135.35,5
2013-07-03,134.5,134.5,131.18,133.53,342
2013-07-04,136.93,137.8,134.07,137.8,15
2013-07-05,137,137.48,135.03,135.03,1250
2013-07-08,137.45,138.3,136.4,137.99,18
2013-07-09,139.12,139.12,137.92,137.92,16
2013-07-10,139.3,139.3,137.5,137.5,85
2013-07-11,137.16,138.52,137.16,138.21,1475
2013-07-12,134.69,137.67,134.69,134.69,1
2013-07-15,134.83,135.86,134.83,135.86,33
2013-07-16,134.14,136.41,134.14,134.58,18
2013-07-17,134.72,135.05,134.65,134.84,167
2013-07-18,137.69,137.69,134.87,137.44,18
2013-07-19,137.2,137.36,137.2,137.2,1
2013-07-22,137.78,137.78,137.63,137.63,20
2013-07-23,140.54,140.54,138.99,139.68,59
2013-07-24,141.22,142.18,140.6,141.78,429
2013-07-25,143.97,144.35,142.49,144.35,74
2013-07-26,144.68,146.22,144.61,145.37,703
2013-07-29,145.21,145.6,145.14,145.41,80
2013-07-30,146.31,147.24,145.78,146.91,4853
2013-07-31,146.59,146.99,146,146.64,129
2013-08-01,147.82,148.65,147.39,148.6,90
2013-08-02,148.63,149.31,148.63,149.17,577
2013-08-05,149.28,149.7,148.71,148.91,183
2013-08-06,149,149.19,148.23,148.48,50
2013-08-07,147.51,149.06,147.51,149.06,346
2013-08-08,149,151.54,149,151.54,3133
2013-08-09,151.85,152.43,151.1,152.33,67
2013-08-12,151.62,151.99,151.61,151.67,903
2013-08-13,152.64,152.64,151.74,152.61,53
2013-08-14,151.9,153.08,151.74,153.08,2879
2013-08-15,152.82,152.82,151.17,152.37,27
2013-08-16,152.56,153.92,152.33,153.92,1675
2013-08-19,153.92,153.92,150.71,150.71,16
2013-08-20,148.83,149.56,147.46,148.16,1360
2013-08-21,147.71,148.8,147.16,147.16,60
2013-08-22,150.33,150.83,148.34,150.2,342
2013-08-23,149.8,151.49,149.8,151.36,425
2013-08-26,150.87,151.06,150.68,150.68,5
2013-08-27,150.42,150.42,146.05,146.05,855
2013-08-28,145.1,146.15,145.1,146.15,177
2013-08-29,146.59,146.8,146.5,146.64,155
2013-08-30,145,146.3,144.03,144.03,193
2013-09-02,147,147.13,146.36,146.36,2038
2013-09-03,146.89,147.4,146.58,146.58,340
2013-09-04,146.24,147.6,146.24,147.58,70
2013-09-05,147.87,148.65,147.85,148.65,240
2013-09-06,148.47,150.32,148.43,150.32,527
2013-09-09,149.65,150.27,149.65,150.11,1284
2013-09-10,152.04,153.13,151.26,152.92,30
2013-09-11,153.5,154.47,152.46,154.47,427
2013-09-12,155,155.69,154.57,155.69,803
2013-09-13,155,155.72,154.3,155.72,614
2013-09-16,156.87,157.61,156.4,156.4,2005
2013-09-17,155.88,156.58,155.33,156.31,230
2013-09-18,157.3,157.54,156.62,157.54,404
2013-09-19,160.1,160.1,158.72,159.26,1831
2013-09-20,159.67,159.67,159.07,159.67,77
2013-09-23,159.54,160.14,158.63,158.97,206
2013-09-24,158.65,159.84,158.49,159.72,700
2013-09-25,159.91,161.16,159.57,161.16,1350
2013-09-26,160.58,162.2,160.58,161.7,51
2013-09-27,161.42,161.69,160.65,160.99,230
2013-09-30,158.79,160.43,158.79,160.12,1398
2013-10-01,162.25,163.39,161.11,163.39,3321
2013-10-02,162.5,164.17,162.45,163.76,1995
2013-10-03,163.51,164.03,162.65,162.84,2688
2013-10-04,162.7,165.79,162.63,165.48,1861
2013-10-07,164.5,164.9,164.2,164.9,18
2013-10-08,165,165.09,163.65,163.68,4487
2013-10-09,163.6,166.03,163.46,165.89,6700
2013-10-10,167.44,170.21,167.01,169.87,2961
2013-10-11,170.57,170.57,169.37,170,16811
2013-10-14,169.49,170.65,169,170.65,5312
2013-10-15,171.25,172.64,171.24,172.58,6413
2013-10-16,172.28,175.5,172.27,175.43,929
2013-10-17,174.59,175.67,174.1,175.65,2912
2013-10-18,176.75,177.19,175.65,177.1,2876
2013-10-21,177.3,178.05,176.5,177.51,1786
2013-10-22,177.13,177.85,176.75,177.15,3868
2013-10-23,175.46,175.54,173,173.51,1439
2013-10-24,173.57,174.98,173.57,174.93,617
2013-10-25,173.89,173.89,172.5,173.05,305
2013-10-28,174,174,170.74,171.41,1069
2013-10-29,170.11,173.9,170.11,173.9,3126
2013-10-30,173.82,174.87,171.9,172.7,374
2013-10-31,172.34,174.58,171.6,174.58,1281
2013-11-01,174.25,174.25,172.78,173.26,789
2013-11-04,174.06,174.69,173.33,173.79,9178
2013-11-05,174.16,174.35,171.48,172.32,5992
2013-11-06,174.65,174.7,172.75,173.56,6831
2013-11-07,173.22,177.47,171.89,171.95,7879
2013-11-08,171.11,171.94,170.49,171.94,196
2013-11-11,171.91,173.2,171.12,172.76,4893
2013-11-12,172.87,172.87,171,171.26,1850
2013-11-13,171.38,171.38,170,170.72,2167
2013-11-14,172.1,172.31,169.54,171.33,2756
2013-11-15,171.36,171.99,170.79,171.01,21729
2013-11-18,170.82,173.62,170.24,172.71,1922
2013-11-19,171.79,171.95,169.86,169.86,1732
2013-11-20,169.8,169.95,168,168.65,3139
2013-11-21,167.45,169.68,167.29,169.44,231
2013-11-22,169.73,170.95,169.73,170.91,2259
2013-11-25,172.05,172.05,170.94,170.94,4397
2013-11-26,170.7,171.98,170.67,171.4,2713
2013-11-27,172,173.45,171.61,173.21,3175
2013-11-28,173.89,174.76,173.5,174.35,1793
2013-11-29,174.91,175.34,173.67,173.67,2391
2013-12-02,174.05,174.05,171.74,172.08,4347
2013-12-03,170.23,171.51,169.76,169.76,733
2013-12-04,169.73,170.14,167.96,168.53,3681
2013-12-05,168.04,169.01,165.66,165.66,2570
2013-12-06,165.94,166.16,163.47,165.9,4391
2013-12-09,166.72,167.46,165.95,167.37,2869
2013-12-10,167.25,168.71,166.35,166.88,2721
2013-12-11,166.9,167.43,165.15,165.15,6290
2013-12-12,164.77,165.34,163.14,163.57,4218
2013-12-13,164.14,164.93,163.16,163.47,3924
2013-12-16,164.21,166.68,163.86,166.4,1856
2013-12-17,166,166.44,164.98,164.98,8243
2013-12-18,165.73,166.94,165.4,166.72,4350
2013-12-19,168.79,170.71,168.79,170.71,8217
2013-12-20,170.66,171.42,170.01,171.27,3072
2013-12-23,171.92,172.71,170.83,172.67,13354
2013-12-24,0,0,0,0,0
2013-12-27,175.02,175.29,173.98,175.29,1265
2013-12-30,175.36,176.02,174.75,175.45,650
2013-12-31,0,0,0,0,0
2014-01-02,176.17,176.19,172.54,172.54,308
2014-01-03,172.52,173.7,172.46,173.2,2924
2014-01-06,173.16,175.31,173.16,174.77,2612
2014-01-07,175.31,180.31,174.84,180.04,8526
2014-01-08,180.18,181.98,179,181.56,3677
2014-01-09,181.55,184.08,180.77,180.9,5640
2014-01-10,182.53,183.05,181.51,182.07,5039
2014-01-13,183.46,184.44,183,184.03,5870
2014-01-14,181.63,184.1,181.63,184.02,11968
2014-01-15,185.19,187.84,185,187.38,7441
2014-01-16,187.9,187.9,185.97,185.97,36700
2014-01-17,186.61,186.98,185.7,186.08,12208
2014-01-20,185.64,186.2,185.4,185.75,2023
2014-01-21,186.35,186.79,184,184.21,12456
2014-01-22,185.13,185.61,182.19,182.62,5684
2014-01-23,183.01,183.9,181.5,182.01,5179
2014-01-24,181.61,181.61,175,175.07,14102
2014-01-27,175.81,175.81,173,173.06,2543
2014-01-28,174.11,176.19,173.79,175.03,10127
2014-01-29,177.68,178.08,172.01,175.65,23423
2014-01-30,174.81,176.93,172.97,176.43,1877
2014-01-31,176.07,176.61,172.94,175.88,31439
2014-02-03,175.51,175.59,171.67,171.67,2238
2014-02-04,171.5,173.71,171.15,172.63,4728
2014-02-05,172,174.22,172,173.21,5056
2014-02-06,173.98,177.03,173.98,176.64,14439
2014-02-07,177.1,178.85,175.89,178.85,3347
2014-02-10,178.65,178.65,176.1,176.64,5865
2014-02-11,178,178.67,177.05,178.67,4753
2014-02-12,179.44,179.64,178.18,178.46,3346
2014-02-13,177.26,178.6,176.24,178.6,1342
2014-02-14,178.71,179.88,178.71,179.03,1011
2014-02-17,179.39,179.5,178.23,178.97,6819
2014-02-18,179.06,179.06,176.88,177.75,4976
2014-02-19,176.52,178.8,176,177.9,1329
2014-02-20,175.9,178.01,175.9,177.88,1022
2014-02-21,178.8,178.8,177.2,178.48,1478
2014-02-24,178.14,180.17,178.14,180.17,3275
2014-02-25,179.83,181.3,179.83,181.3,616
2014-02-26,181.56,181.84,180.5,181.04,602
2014-02-27,181,181,178.26,179.84,5116
2014-02-28,179.71,179.71,177.73,178.71,2356
2014-03-03,175.69,176.55,174.8,175,1713
2014-03-04,177,179.25,176.27,179.25,3156
2014-03-05,178.91,180.97,178.91,180.97,1608
2014-03-06,182.91,183.75,182.12,182.54,1920
2014-03-07,182.52,182.73,179.59,179.59,818
2014-03-10,179.6,182.1,179.39,180.4,2161
2014-03-11,181.12,181.42,179.64,179.64,3124
2014-03-12,179.41,179.41,177.1,178.07,2835
2014-03-13,178.86,178.86,175.91,175.91,3850
2014-03-14,175.37,175.5,172,173.5,2994
2014-03-17,174.8,176.76,174.13,176.33,1584
2014-03-18,175.64,178.67,175.64,177.6,5680
2014-03-19,178.55,178.55,177.74,178.21,268
2014-03-20,176.9,178.01,176.42,178.01,3474
2014-03-21,178.24,179.14,177.41,177.41,1660
2014-03-24,177.4,177.76,174.81,175.29,1323
2014-03-25,175.75,176.57,175.15,176.47,2708
2014-03-26,176.87,179.83,176.57,179.24,993
2014-03-27,179.75,180.03,178.59,180.03,452
2014-03-28,180.19,182.69,180.19,182.54,1192
2014-03-31,183.7,184.59,183.11,183.44,2310
2014-04-01,184.13,185.97,184.09,185.66,1878
2014-04-02,186.13,186.52,184.67,185.26,3659
2014-04-03,186.14,188.91,185.82,188.4,16725
2014-04-04,188.51,190,187.85,189.74,4391
2014-04-07,187.85,189.67,187.7,188.61,5199
2014-04-08,188.1,188.61,184.99,186.58,4824
2014-04-09,187.14,188,186.72,186.72,4095
2014-04-10,187.15,187.4,183.96,183.96,9861
2014-04-11,182.12,183.81,180.14,181.82,1027
2014-04-14,181.26,182.77,178.81,182.77,7198
2014-04-15,182.18,183.34,180.86,181.34,768
2014-04-16,183.25,183.89,182.81,183.89,7458
2014-04-17,184.38,184.63,182.78,184.43,4145
2014-04-22,184.78,187.1,184.78,186.81,3276
2014-04-23,186.84,187.63,186.36,186.72,924
2014-04-24,187.85,188.48,185.41,187.45,2571
2014-04-25,186.67,187.1,184.5,184.73,2193
2014-04-28,185.35,186,183.87,185.12,22995
2014-04-29,185.92,188,185.72,187.59,13184
2014-04-30,187.26,188.18,186.92,187.81,2185
2014-05-01,0,0,0,0,0
2014-05-02,187.4,188.59,187.37,188.29,4181
2014-05-05,187.66,187.73,185.24,187.73,5269
2014-05-06,188.23,188.96,186.54,187.77,5662
2014-05-07,186.89,188.21,186.89,187.51,3040
2014-05-08,188.14,190.96,187.57,190.96,2624
2014-05-09,190.15,190.42,188.69,188.87,7018
2014-05-12,189.22,190.19,188.77,189.88,770
2014-05-13,190.69,190.69,189.8,190.46,5134
2014-05-14,189.46,191.5,189.46,191.19,1715
2014-05-15,190.94,192,186.27,186.84,7885
2014-05-16,186.42,189.43,186.42,189.27,2204
2014-05-19,189,189,186.72,188.22,3920
2014-05-20,188.43,189.05,188.04,188.69,816
2014-05-21,188.02,190.34,187.5,190.09,1654
2014-05-22,190.41,190.41,189.06,189.76,209
2014-05-23,189.18,191,189.06,190.51,3337
2014-05-26,191.35,193,190.81,192.83,2577
2014-05-27,192.71,194,192.47,193.27,3249
2014-05-28,193.02,194.13,192.56,194.13,3028
2014-05-29,0,0,0,0,0
2014-05-30,0,0,0,0,0
2014-06-02,195.21,195.86,194.54,195.09,809
2014-06-03,0,0,0,0,0
2014-06-04,0,0,0,0,0
2014-06-05,0,0,0,0,0
2014-06-06,0,0,0,0,0
2014-06-09,201,201.79,198.5,201.57,3315
2014-06-10,0,0,0,0,0
2014-06-11,0,0,0,0,0
2014-06-12,0,0,0,0,0
2014-06-13,0,0,0,0,0
2014-06-16,199.38,199.5,198.03,198.58,2451
2014-06-17,199.54,199.7,198.42,199.11,1422
2014-06-18,200.05,200.36,199.2,200.06,5557
2014-06-19,201.49,203.12,201.42,202.07,32758
2014-06-20,201.64,202.3,201.28,201.38,2204
2014-06-23,201.5,201.64,200.33,201,10233
2014-06-24,200.9,201.46,200.29,200.64,4184
2014-06-25,199.61,199.93,197.31,198.2,1590
2014-06-26,198.48,199.42,195.8,198.46,2041
2014-06-27,198.15,199.41,197.21,197.45,6951
2014-06-30,197.5,197.75,196.12,197.18,592
2014-07-01,197.9,198.95,197.25,198.95,12013
2014-07-02,199.22,199.52,197.95,199.1,7432
2014-07-03,199.08,201.14,198.62,201.05,18485
2014-07-04,0,0,0,0,0
2014-07-07,198.79,198.83,197.2,197.33,1881
2014-07-08,197.63,197.63,193.53,193.97,4328
2014-07-09,194.62,195.42,194,195.42,1337
2014-07-10,194.63,194.79,189.38,191.54,8575
2014-07-11,0,0,0,0,0
2014-07-14,0,0,0,0,0
2014-07-15,192.35,192.85,190.19,190.86,19477
2014-07-16,0,0,0,0,0
2014-07-17,192.83,193.32,191.42,191.79,7113
2014-07-18,0,0,0,0,0
2014-07-21,190.93,191.3,190.12,190.79,2233
2014-07-22,191.59,194.2,191.19,193.87,2139
2014-07-23,193.09,194.78,193.09,193.72,685
2014-07-24,193.88,197.65,193.28,197.52,3243
2014-07-25,0,0,0,0,0
2014-07-28,0,0,0,0,0
2014-07-29,0,0,0,0,0
2014-07-30,198.9,200.14,198.54,199.39,4466
2014-07-31,0,0,0,0,0
2014-08-01,0,0,0,0,0
2014-08-04,0,0,0,0,0
2014-08-05,191.8,191.8,188.5,188.93,5356
2014-08-06,0,0,0,0,0
2014-08-07,186.19,187.09,183.75,183.75,20591
2014-08-08,182.41,185.14,181.9,184.67,5172
2014-08-11,0,0,0,0,0
2014-08-12,0,0,0,0,0
2014-08-13,187.65,187.94,187.14,187.94,591
2014-08-14,187.37,187.89,186.28,187.62,963
2014-08-15,188.34,189.6,186.5,186.5,3351
2014-08-18,188.5,189.04,187.5,188.68,4041
2014-08-19,189.3,189.83,189,189.18,2374
2014-08-20,0,0,0,0,0
2014-08-21,0,0,0,0,0
2014-08-22,192.54,192.54,190.49,191.07,4270
2014-08-25,0,0,0,0,0
2014-08-26,194.81,197.27,194.54,196.82,11997
2014-08-27,0,0,0,0,0
2014-08-28,0,0,0,0,0
2014-08-29,0,0,0,0,0
2014-09-01,194.92,195.81,194.56,195.4,1038
2014-09-02,0,0,0,0,0
2014-09-03,196.47,198.44,195.82,198.06,3047
2014-09-04,0,0,0,0,0
2014-09-05,0,0,0,0,0
2014-09-08,0,0,0,0,0
2014-09-09,0,0,0,0,0
2014-09-10,0,0,0,0,0
2014-09-11,0,0,0,0,0
2014-09-12,0,0,0,0,0
2014-09-15,0,0,0,0,0
2014-09-16,0,0,0,0,0
2014-09-17,0,0,0,0,0
2014-09-18,198.17,199.61,197.96,199.51,4115
2014-09-19,0,0,0,0,0
2014-09-22,0,0,0,0,0
2014-09-23,0,0,0,0,0
2014-09-24,0,0,0,0,0
2014-09-25,0,0,0,0,0
2014-09-26,0,0,0,0,0
2014-09-29,0,0,0,0,0
2014-09-30,0,0,0,0,0
2014-10-01,0,0,0,0,0
2014-10-02,0,0,0,0,0
2014-10-03,0,0,0,0,0
2014-10-06,0,0,0,0,0
2014-10-07,0,0,0,0,0
2014-10-08,0,0,0,0,0
2014-10-09,0,0,0,0,0
2014-10-10,0,0,0,0,0
2014-10-13,0,0,0,0,0
2014-10-14,0,0,0,0,0
2014-10-15,184.57,185.67,178.83,179.18,2115
2014-10-16,179.61,180.17,170.81,175.87,10251
2014-10-17,176.45,181,175.81,180.86,22008
2014-10-20,179.44,181.26,179.26,180.86,11520
2014-10-21,180.49,185.01,180.49,185.01,31206
2014-10-22,185.12,186.67,183.73,186.67,5420
2014-10-23,184.75,188.54,184.75,188.28,6517
2014-10-24,186.84,188.96,186.84,188.55,856
2014-10-27,188.85,190.57,184.43,185.65,1081
2014-10-28,187.39,189.55,186.88,189.38,644
2014-10-29,188.66,189.33,186.24,186.24,555
2014-10-30,187.33,187.67,181.81,186.5,5623
2014-10-31,189.04,190.65,188.92,190.57,1931
2014-11-03,190,190.35,188.14,188.62,2940
2014-11-04,188.77,190.19,184.66,184.67,1764
2014-11-05,186.24,187.42,184.88,187.04,1190
2014-11-06,0,0,0,0,0
2014-11-07,0,0,0,0,0
2014-11-10,0,0,0,0,0
2014-11-11,188,188.73,187.64,188.1,401
2014-11-12,0,0,0,0,0
2014-11-13,0,0,0,0,0
2014-11-14,185.07,185.42,184.31,185.29,266
2014-11-17,0,0,0,0,0
2014-11-18,0,0,0,0,0
2014-11-19,0,0,0,0,0
2014-11-20,0,0,0,0,0
2014-11-21,0,0,0,0,0
2014-11-24,192.45,195.54,192.45,194.52,4615
2014-11-25,194.51,197.1,194.51,195.85,1902
2014-11-26,0,0,0,0,0
2014-11-27,0,0,0,0,0
2014-11-28,0,0,0,0,0
2014-12-01,0,0,0,0,0
2014-12-02,0,0,0,0,0
2014-12-03,197.18,199.5,197.18,199.28,1200
2014-12-04,0,0,0,0,0
2014-12-05,0,0,0,0,0
2014-12-08,0,0,0,0,0
2014-12-09,0,0,0,0,0
2014-12-10,0,0,0,0,0
2014-12-11,0,0,0,0,0
2014-12-12,0,0,0,0,0
2014-12-15,186.75,187.88,181.07,181.07,1796
2014-12-16,180.61,184.59,177,184.59,16459
2014-12-17,0,0,0,0,0
2014-12-18,186.89,190.12,186.6,190.12,1665
2014-12-19,191.49,191.49,187,189.27,6093
2014-12-22,191.3,191.3,188.9,189.8,2233
2014-12-23,189.69,191.97,189.48,191.53,15627
2014-12-24,0,0,0,0,0
2014-12-29,190.84,190.84,187.44,189.93,1407
2014-12-30,188.41,189.23,188.1,188.22,977
2014-12-31,0,0,0,0,0
2015-01-02,189.69,190.59,188.39,189.68,295
2015-01-05,188.65,189.7,182.41,182.41,3639
2015-01-06,182.03,182.66,180.18,180.18,4162
2015-01-07,181.53,182.36,180,180.47,139
2015-01-08,183.05,184.9,182.46,183.97,2687
2015-01-09,179.38,180.53,174.06,176.21,6471
2015-01-12,177.03,178.3,175.16,177.21,901
2015-01-13,176.98,180.54,176.98,180.5,15217
2015-01-14,177.88,182.06,177.31,178.73,16886
2015-01-15,180.68,181.83,175.11,181.33,16442
2015-01-16,181.76,182.61,179.86,181.78,3273
2015-01-19,0,0,0,0,0
2015-01-20,0,0,0,0,0
2015-01-21,187.35,187.71,184.2,187.39,16461
2015-01-22,188.62,190.99,188.4,190.5,3014
2015-01-23,193.4,193.83,191.34,192.34,10733
2015-01-26,190.57,194.18,189.88,194.05,20559
2015-01-27,194.05,194.18,190.94,192.29,1013
2015-01-28,193.96,193.96,188.95,189.01,3791
2015-01-29,0,0,0,0,0
2015-01-30,191.56,191.82,187.3,188.33,1675
2015-02-02,186.61,187.89,183.86,186.87,5463
2015-02-03,188.96,192.87,188.96,192.51,4003
2015-02-04,194,194,191.14,192.07,30798
2015-02-05,189.68,191.19,189.2,190.87,3377
2015-02-06,191,192.15,190.59,191.93,6239
2015-02-09,188.66,189.41,187.27,187.95,2774
2015-02-10,188.82,191.85,187.68,190.39,2169
2015-02-11,190.68,190.68,187.73,187.87,4073
2015-02-12,188,192.1,187.91,191.56,9295
2015-02-13,194.17,195.5,192.81,195.09,2174
2015-02-16,194.49,195.95,194.3,194.44,6005
2015-02-17,191.79,195.09,191.79,194.5,3215
2015-02-18,195.99,197.09,195.74,196.36,10901
2015-02-19,195.84,198.72,195.35,198.29,16577
2015-02-20,198.49,198.49,195.97,197.83,2735
2015-02-23,200.05,200.53,198.8,199.74,1865
2015-02-24,200.24,201.14,199.11,200.88,1779
2015-02-25,200.51,200.82,200.07,200.43,2145
2015-02-26,201.56,202.73,200.28,202.73,13144
2015-02-27,203.12,203.51,201.49,203.51,3858
2015-03-02,204,204.54,202.56,203.28,42488
2015-03-03,203.94,203.94,200.4,200.62,9219
2015-03-04,200.77,201.21,199.25,201.21,2653
2015-03-05,201.94,203.63,201,202.41,29151
2015-03-06,202.57,203.01,201.71,201.71,1273
2015-03-09,199.98,201.33,199.69,200.98,23714
2015-03-10,201.57,201.57,197.58,198.05,5642
2015-03-11,199.59,200.48,198.89,199.93,6624
2015-03-12,200.2,200.91,199.93,200.07,15548
2015-03-13,201.3,201.3,199.96,200.31,305
2015-03-16,201.5,202.35,201.5,201.63,4107
2015-03-17,201.22,201.9,199.26,199.95,23226
2015-03-18,200,200.91,199.38,200.2,118130
2015-03-19,200.44,201.91,200.34,200.77,7094
2015-03-20,202.13,208.1,201.79,207.26,3188
2015-03-23,0,0,0,0,0
2015-03-24,207.89,211.34,207.89,210.73,21085
2015-03-25,210.49,210.74,208.5,208.88,7628
2015-03-26,206.88,208.48,205.65,208.35,12227
2015-03-27,209.26,209.26,208.07,208.07,5395
2015-03-30,209.43,210.95,209,210.31,4970
2015-03-31,210.55,211.76,209.2,210.52,12439
2015-04-01,0,0,0,0,0
2015-04-02,212.47,212.87,211.79,212.87,4290
2015-04-07,213.55,215.27,213.55,214.47,4422
2015-04-08,214.5,215.33,212.85,213.17,930
2015-04-09,213,214.35,213,213.65,14373
2015-04-10,214.54,214.54,213.14,214.2,8227
2015-04-13,0,0,0,0,0
2015-04-14,216.88,217.38,213.14,214.03,4284
2015-04-15,214.59,216.2,214.59,215.46,4523
2015-04-16,215.18,215.18,211.66,211.93,27459
2015-04-17,210.69,211.8,207.05,207.49,39103
2015-04-20,208.11,208.54,207.05,208.18,657
2015-04-21,209.11,210.21,208.81,208.81,10766
2015-04-22,209.79,209.79,206.88,208.53,34589
2015-04-23,209.75,209.75,206.5,209.52,5007
2015-04-24,210.58,212.64,210,210.81,19343
2015-04-27,208.63,214,208.62,212.84,898
2015-04-28,213.26,213.65,211.77,211.96,5585
2015-04-29,213.33,214.06,208.32,208.62,9416
2015-04-30,207.9,210.64,207.38,208.94,22309
2015-05-04,209.48,211.05,207.64,210.05,2013
2015-05-05,209,210.79,204.02,204.02,1975
2015-05-06,203.68,206.05,203.68,205.15,21488
2015-05-07,203.96,205.7,201.12,205.7,12088
2015-05-08,207,210.09,206.22,210.09,21033
2015-05-11,209.65,210.82,209.19,209.87,492
2015-05-12,208.42,209.28,206.95,208.72,12002
2015-05-13,209.48,210.77,207.8,208.56,19744
2015-05-14,208.42,210.59,206.89,210.11,12842
2015-05-15,209.81,210.22,207.79,207.79,836
2015-05-18,208.29,209.11,206.8,208.7,714
2015-05-19,210.41,212.21,210.41,211.61,17307
2015-05-20,211.44,213.32,211.34,212.88,13465
2015-05-21,212.78,213.29,212.01,213.29,4194
2015-05-22,213.66,213.66,212.53,212.56,1684
2015-05-25,0,0,0,0,0
2015-05-26,208.01,208.58,205.57,206.58,12511
2015-05-27,208,210.37,206.51,210.13,15402
2015-05-28,209.76,210.43,207.62,209.36,1207
2015-05-29,207.18,209.45,206,206.41,19323
2015-06-01,207.5,208.13,205.79,206.68,8158
2015-06-02,207.59,209.14,205.6,207.46,14213
2015-06-03,208.21,208.5,206.65,207.01,25722
2015-06-04,206.47,208.06,204,205.46,7747
2015-06-05,204,205.25,202.75,203.99,1352
2015-06-08,202.19,203.41,200.96,200.96,2231
2015-06-09,200.96,201.44,198.54,201.44,8001
2015-06-10,200.48,205.28,200.25,204.69,2092
2015-06-11,204.87,207.06,204.84,205.72,1020
2015-06-12,204.81,205.47,202.85,203.65,5411
2015-06-15,201.18,201.49,197.84,200.14,1816
2015-06-16,198.5,200.64,196.62,200.64,18820
2015-06-17,200.28,201.14,199.22,199.22,3916
2015-06-18,199.22,201,197,200.85,5010
2015-06-19,202.22,203.95,201.11,202.11,6609
2015-06-22,206.48,210.82,206.48,210.52,8896
2015-06-23,212.97,212.97,210.83,210.83,10559
2015-06-24,211.22,211.22,207.72,209.4,21080
2015-06-25,207.99,210.7,207.7,208.47,38702
2015-06-26,207.87,211.14,207.15,210.04,15395
2015-06-29,198.87,203.47,198.87,200.41,7934
2015-06-30,200.84,202.1,198.16,199,4186
2015-07-01,0,0,0,0,0
2015-07-02,202.24,202.24,200.75,200.75,542
2015-07-03,200.93,201.34,199.21,199.89,25847
2015-07-06,195.93,197.26,194.75,195.14,4426
2015-07-07,195.57,196.08,191.7,191.7,1735
2015-07-08,192.3,193.61,191.42,193.14,46398
2015-07-09,195.4,199.43,194.09,198.54,14656
2015-07-10,203.2,205.26,202.89,204.83,1728
2015-07-13,207.04,208.85,206.76,208.06,11645
2015-07-14,208,208.59,207.13,208.59,8284
2015-07-15,209,210.06,208.56,210.05,1510
2015-07-16,212.26,214.15,212.09,213.69,2495
2015-07-17,213.65,213.96,213.13,213.13,1831
2015-07-20,213.45,214.97,213.45,214.44,712
2015-07-21,214.89,215.02,212.55,212.55,5344
2015-07-22,211.32,213.61,211.32,213.24,12263
2015-07-23,214.14,214.3,212.54,212.54,741
2015-07-24,212.39,212.39,210.05,210.15,6071
2015-07-27,208.44,208.84,207.03,207.03,11512
2015-07-28,207.76,209.6,207.76,209,63
2015-07-29,209.73,210,207.65,209.53,673
2015-07-30,211.04,211.04,207.05,207.28,281
2015-07-31,207.5,207.91,205.24,207.91,22613
2015-08-03,209.08,209.99,208.16,209.99,380
2015-08-04,208.29,209.14,207.03,207.64,3299
2015-08-05,208.6,210.25,208.19,209.93,4814
2015-08-06,209.49,210.07,209.34,209.34,12409
2015-08-07,208.89,209.74,208.04,208.04,1324
2015-08-10,207.84,210.91,207.82,210.49,9218
2015-08-11,209.97,210.49,207.58,207.77,6089
2015-08-12,205.38,205.38,202.2,202.77,12547
2015-08-13,205.25,205.89,203.99,203.99,11094
2015-08-14,204.36,205.36,202.32,202.58,6470
2015-08-17,204.55,204.87,200.76,202.8,15517
2015-08-18,202.43,203.4,202.43,202.56,10056
2015-08-19,202,202.15,200.56,200.56,2720
2015-08-20,200.35,200.38,197.17,197.17,1082
2015-08-21,194.32,196.64,191.4,191.4,9447
2015-08-24,186.23,187.21,178.35,181.37,6605
2015-08-25,183.68,188.97,183.07,188.96,8374
2015-08-26,185.57,187.17,184.7,185.22,17825
2015-08-27,189.41,191.91,189.41,190.91,15156
2015-08-28,191.2,192.16,190.06,192.16,13171
2015-08-31,191.73,191.73,188.9,190.25,1678
2015-09-01,188.29,188.29,184.73,184.99,1122
2015-09-02,183.41,185.05,183.05,184.01,129
2015-09-03,185.53,186.68,184.79,185.67,6231
2015-09-04,183.64,183.64,180.01,181.54,552
2015-09-07,182.74,182.74,181.22,181.22,56
2015-09-08,184.33,184.33,182.41,182.41,2464
2015-09-09,186.95,188.07,185.64,185.64,1717
2015-09-10,183.16,184.42,182.06,182.06,335
2015-09-11,180.1,181.48,179.55,179.65,7838
2015-09-14,180.42,180.42,178.67,178.9,1701
2015-09-15,179.08,181.26,177.91,180.44,670
2015-09-16,182.02,183.51,181.96,183.51,437
2015-09-17,184.52,186.64,184.52,186.32,991
2015-09-18,185.03,185.07,181.39,181.39,2643
2015-09-21,181.6,182.99,181.55,181.55,1323
2015-09-22,0,0,0,0,0
2015-09-23,175,178.05,174.21,174.21,4192
2015-09-24,0,0,0,0,0
2015-09-25,175.02,175.62,173.58,175.35,4752
2015-09-28,175.53,175.53,173.16,173.16,2483
2015-09-29,171.14,175.23,171.13,173.2,8071
2015-09-30,176.82,176.85,175.96,176.27,2454
2015-10-01,178.02,178.88,176.02,176.25,13263
2015-10-02,177.15,178.21,173.63,176.9,2825
2015-10-05,179.73,183.97,179.63,183.67,2543
2015-10-06,185.14,186.28,184.69,186.28,1328
2015-10-07,187.65,190.11,187.09,187.92,11728
2015-10-08,186.89,188.03,186.76,188.03,12734
2015-10-09,190.47,191.2,189.49,190.66,1809
2015-10-12,190.65,190.97,189.2,189.62,5654
2015-10-13,188.76,188.76,186.05,186.75,2000
2015-10-14,185.37,186.11,184.74,185,47
2015-10-15,187.38,187.38,186.19,186.19,2
2015-10-16,187.32,188.75,187.32,188.75,16126
2015-10-19,188.72,189.44,187.84,188.25,988
2015-10-20,188.44,188.44,185.97,186.62,962
2015-10-21,186.6,187.87,186.5,187.64,2358
2015-10-22,186.82,192.07,186.82,191.74,5010
2015-10-23,193.03,195.15,192.81,193.56,9427
2015-10-26,192.5,193.6,192.5,193.51,2198
2015-10-27,192,192.62,190.58,190.58,27477
2015-10-28,190.21,192.75,190.21,192.5,3280
2015-10-29,192.62,192.62,189.69,191.62,11812
2015-10-30,190.87,191.02,189.09,190.9,10192
2015-11-02,189.37,192.51,189.37,191.8,846
2015-11-03,191.17,193,191.17,193,12814
2015-11-04,194.12,196.1,193.27,193.27,16956
2015-11-05,192.09,194.5,192.09,192.38,11144
2015-11-06,191.72,193.29,190.6,193.29,6719
2015-11-09,192.86,193.18,190.55,190.55,386
2015-11-10,190.71,191.06,189.07,190.61,1124
2015-11-11,191.25,192.64,191.25,191.43,12203
2015-11-12,190.18,190.18,186.98,186.98,96435
2015-11-13,185.74,186.67,185.34,186.48,260
2015-11-16,184.77,186.63,184.77,186.63,111
2015-11-17,187.74,191.2,187.74,191.2,2016
2015-11-18,190.27,190.38,189.76,189.76,1740
2015-11-19,191.35,192.44,191.14,191.81,10990
2015-11-20,190.91,191.69,190.1,190.59,337
2015-11-23,189.82,190.7,189.82,190.43,136
2015-11-24,189.17,189.38,186.47,189.38,15
2015-11-25,188.53,189.83,186.86,189.57,1158
2015-11-26,188.75,191.97,188.75,191.53,1909
2015-11-27,190.66,192.32,190.66,190.95,3159
2015-11-30,190,192.5,190,192.37,149
2015-12-01,192.81,193.55,191.95,191.95,3688
2015-12-02,0,0,0,0,0
2015-12-03,191.3,192.4,186.5,186.5,4252
2015-12-04,185.96,187.2,184.14,186.49,3480
2015-12-07,187.1,187.51,185.42,185.42,14161
2015-12-08,185.12,185.12,181.55,181.55,425
2015-12-09,182.28,183.14,179.57,181.66,2667
2015-12-10,180.8,181.8,180,180.67,198
2015-12-11,180.6,180.6,177.65,177.83,266
2015-12-14,178.22,179.36,173.99,173.99,695
2015-12-15,175.48,179.55,175.48,179.2,1042
2015-12-16,180.24,180.5,178.75,179.39,503
2015-12-17,182.86,184.63,182.44,182.61,727
2015-12-18,180.84,182.18,179.18,179.47,1353
2015-12-21,174.82,177.02,173.43,173.43,6749
2015-12-22,174.43,174.56,172.88,173.84,10809
2015-12-23,175.87,178.46,175.87,178.05,2187
2015-12-24,0,0,0,0,0
2015-12-28,177.54,178.68,176.44,176.44,3921
2015-12-29,178.28,178.93,177.95,178.65,3212
2015-12-30,178.25,178.97,178.09,178.09,2067
2016-01-04,172.66,173.01,171,171.89,8627
2016-01-05,173.64,173.98,171.28,172.22,336
2016-01-06,171.77,171.77,168.72,169.51,16644
2016-01-07,165.71,167.46,164.5,167.17,4042
2016-01-08,168.34,169.14,164.28,164.28,1283
2016-01-11,163.35,166.28,163.35,164.16,7000
2016-01-12,164.01,165.98,164.01,165.14,3304
2016-01-13,166.51,167.9,165,165.38,367
2016-01-14,163.33,163.68,161.02,162.81,1755
2016-01-15,162.88,162.88,158.23,158.5,925
2016-01-18,158.3,158.92,157.05,157.05,490
2016-01-19,159.85,160.4,158.57,158.57,358
2016-01-20,155,155.32,153,153.36,1967
2016-01-21,153.95,157.95,153.48,156.34,3019
2016-01-22,159.72,162.2,159.15,161.53,2456
2016-01-25,161.48,161.5,157.7,158.42,301
2016-01-26,155.86,161,155.75,160.8,11154
2016-01-27,160.12,161.91,159.88,161.91,2435
2016-01-28,161.06,161.06,158.72,158.74,7447
2016-01-29,162.22,162.83,160.04,162.83,1791
2016-02-01,163.05,164.57,161.67,162.29,976
2016-02-02,161.92,161.92,157.18,157.29,174
2016-02-03,156.79,156.79,151.41,153.26,8454
2016-02-04,153.08,157,153.02,156.52,368
2016-02-05,156.81,158.85,155.6,157.74,170
2016-02-08,157.92,157.92,150,150.48,1952
2016-02-09,151.26,151.47,145.71,146.47,9764
2016-02-10,147.64,152.55,147.64,150.77,993
2016-02-11,148.41,148.41,143.41,143.41,2954
2016-02-12,145.32,146.7,145.09,146.7,313
2016-02-15,150.83,152.21,150.65,151.49,1050
2016-02-16,152.89,152.91,150.55,150.99,730
2016-02-17,151.5,155.16,151.5,155.16,11153
2016-02-18,155.98,156.94,153.29,153.29,422
2016-02-19,153.67,153.67,149.76,151.36,2823
2016-02-22,153.24,155.73,153.24,155.24,3081
2016-02-23,154.17,156.52,153.01,153.01,1018
2016-02-24,152.66,152.66,147.83,148.65,180
2016-02-25,150.45,152,150.45,151.74,1585
2016-02-26,153.73,155.09,153.73,154.35,1239
2016-02-29,152.56,156.23,151.91,156.23,1819
2016-03-01,0,0,0,0,0
2016-03-02,160.27,162.44,159.89,162.43,637
2016-03-03,162.05,163.1,161.8,162.61,273
2016-03-04,163.45,164.02,162.51,163.37,26
2016-03-07,162.26,163.53,161.25,162.87,6193
2016-03-08,161.04,163.67,160.81,162.34,2304
2016-03-09,162.79,164.56,162.6,162.6,3755
2016-03-10,162.65,168.5,162.65,162.83,5348
2016-03-11,165.84,169.48,165.84,168.93,9305
2016-03-14,170.82,171.39,170.22,170.22,11934
2016-03-15,169.44,169.63,167.09,167.09,1122
2016-03-16,167.82,167.82,165.51,166.3,366
2016-03-17,167.88,167.93,163.08,166.39,1193
2016-03-18,166.35,167.78,166.35,167.63,11207
2016-03-21,166.24,168.36,166.24,167.15,1183
2016-03-22,165.82,166.49,163.78,166.49,922
2016-03-23,167.21,167.66,165.09,165.09,124
2016-03-24,163.49,163.74,162.55,162.55,2207
2016-03-29,164.12,164.12,162.42,162.77,151
2016-03-30,164.37,165,163.79,163.79,662
2016-03-31,162.59,162.59,160.82,160.82,543
2016-04-01,0,0,0,0,0
2016-04-04,157.66,159.31,157.66,158.3,66
2016-04-05,156.18,156.18,154.69,154.69,2682
2016-04-06,154.14,156.06,154.14,154.87,1008
2016-04-07,154.9,155.29,152.04,152.84,6696
2016-04-08,153.65,155.66,153.65,155.23,150
2016-04-11,155.05,157.75,154.18,156.62,2484
2016-04-12,156.91,157.65,156.15,157.65,4980
2016-04-13,159.51,163.21,159.38,163.21,20140
2016-04-14,163.81,164.04,162.51,164.04,5265
2016-04-15,163.59,164.43,163.36,163.93,106
2016-04-18,0,0,0,0,0
2016-04-19,165.22,166.92,165.22,166.23,857
2016-04-20,166.46,170.17,166.3,169.98,399
2016-04-21,170.81,171.75,170.65,171.42,1355
2016-04-22,171.43,172.3,171.28,172.17,64
2016-04-25,172.05,172.36,170.09,170.25,59
2016-04-26,170.62,173.42,170.62,173.42,7274
2016-04-27,174.05,174.94,173.95,173.95,229
2016-04-28,171.75,173.22,169.78,173.22,1295
2016-04-29,171.52,171.52,168.32,168.32,24889
2016-05-02,169.33,169.33,167.72,168.25,272
2016-05-03,167.9,167.9,163.31,163.4,1398
2016-05-04,163.46,163.46,160.85,160.9,1911
2016-05-05,161.88,161.88,161.17,161.17,2
2016-05-06,160.12,161.75,160.12,161.75,27
2016-05-09,162.54,162.64,160.55,160.71,1029
2016-05-10,162.44,163.39,161.75,162.92,468
2016-05-11,162.58,162.58,160.48,160.89,11483
2016-05-12,160.87,163.02,159.48,160.9,335
2016-05-13,160.1,162.75,160.1,162.26,825
2016-05-16,160.51,162.05,160.51,162.05,1203
2016-05-17,163.75,164.9,162.46,162.69,302
2016-05-18,162.06,164.14,161.83,164.14,124
2016-05-19,163.57,164.25,162.08,162.22,252
2016-05-20,163.9,163.95,163.75,163.95,8
2016-05-23,163.54,164.7,162.31,162.76,118
2016-05-24,162.25,166.6,162.25,166.6,296
2016-05-25,168.03,171.32,168.03,170.98,186
2016-05-26,169.38,170.21,169.05,169.93,210
2016-05-27,169.34,171.23,169.34,170.81,6047
2016-05-30,170.7,171.04,170.63,170.91,290
2016-05-31,171.23,171.23,168.43,168.81,183
2016-06-01,168.43,168.43,166.05,166.63,382
2016-06-02,166.74,168.53,166.74,167.27,10
2016-06-03,0,0,0,0,0
2016-06-06,164.74,165.24,164,164.59,228
2016-06-07,165.58,166.63,165.58,165.84,1071
2016-06-08,165.09,165.39,164.11,164.61,3855
2016-06-09,164.15,164.23,163.2,163.2,2201
2016-06-10,162.32,162.32,158.31,158.31,1140
2016-06-13,156.11,157.1,154.7,154.7,4995
2016-06-14,153.12,154.03,151.43,151.43,1869
2016-06-15,152.74,154.75,152.74,154.01,4276
2016-06-16,151.75,152.76,151.16,152.76,2174
2016-06-17,155.14,157.21,154.84,155.98,192
2016-06-20,159.87,161.28,159.87,160.97,174
2016-06-21,160.89,161.99,160.89,161.99,1738
2016-06-22,162.51,163.7,161.18,162.42,3328
2016-06-23,163.53,166.33,162.54,166.33,915
2016-06-24,144.9,148.9,143.54,144.26,61596
2016-06-27,147.42,150,141.17,142.73,57410
2016-06-28,145.97,147.74,145.85,146.11,773
2016-06-29,149.4,151.43,148.8,151.43,1680
2016-06-30,150.85,152.77,150.08,152.39,12422
2016-07-01,0,0,0,0,0
2016-07-04,155.59,155.63,153.88,154.25,810
2016-07-05,153.26,153.26,150.9,150.9,1036
2016-07-06,149.3,149.3,147.18,148.1,483
2016-07-07,149.79,150.89,149.15,149.87,191
2016-07-08,149.6,153.5,149.6,153.29,786
2016-07-11,154.85,155.4,154,155.4,2101
2016-07-12,155.47,158.95,155.47,158.95,2176
2016-07-13,158.53,160.66,158.51,158.87,21243
2016-07-14,160.71,160.88,160.14,160.27,11142
2016-07-15,159.13,160.28,159.13,160.01,494
2016-07-18,160.02,161.04,159.13,159.61,1813
2016-07-19,158.35,159.17,158.13,158.98,239
2016-07-20,159.82,160.57,159.25,160.57,3222
2016-07-21,160.89,161.24,159.52,161.02,808
2016-07-22,160.81,161.4,160.81,161.39,204
2016-07-25,161.44,161.82,159.84,160.59,127
2016-07-26,160.77,160.77,158.95,160.26,6244
2016-07-27,161.23,163.68,161.09,162.51,6675
2016-07-28,161.71,161.71,159.16,159.16,58
2016-07-29,159.45,161.64,159.45,161,7805
2016-08-01,162.72,162.72,159.5,159.73,75
2016-08-02,158.9,158.9,154.82,154.82,273
2016-08-03,154.5,155.03,153.96,154.46,91
2016-08-04,155.78,157.43,155.78,156.36,3159
2016-08-05,158.04,159.67,157.89,159.67,6013
2016-08-08,160.38,161.09,160.38,160.44,11
2016-08-09,160.27,162.19,160.27,162.19,364
2016-08-10,161.51,162.7,161.51,162.45,30046
2016-08-11,162.87,163.36,162.73,163.36,444
2016-08-12,163.6,163.69,163.36,163.45,435
2016-08-15,163.11,163.52,163.11,163.52,16
2016-08-16,162.65,163,161.92,161.92,11
2016-08-17,161.84,161.84,159.19,159.19,6369
2016-08-18,160.37,160.37,159,160.06,44
2016-08-19,159.75,159.75,157.84,158.35,6819
2016-08-22,158.14,159.43,157.53,158.42,3110
2016-08-23,159.43,161.15,159.43,160.58,619
2016-08-24,160.04,162.3,160,162.18,605
2016-08-25,161.72,161.72,160.99,161.32,95
2016-08-26,161.05,162.57,161.05,162.35,5729
2016-08-29,161.39,161.6,161.24,161.46,183
2016-08-30,162.16,163.46,162.16,163.46,2658
2016-08-31,163.07,164.65,163.07,163.91,453
2016-09-01,165.08,166.8,164.67,164.67,36213
2016-09-02,165.72,167.22,164.86,167.22,65
2016-09-05,168.1,168.63,168.07,168.07,13
2016-09-06,168.66,168.84,167.15,167.15,294
2016-09-07,167.97,169.32,167.64,169.32,14819
2016-09-08,169.78,171.35,169.78,171.35,2
2016-09-09,170.41,172,169.59,170.08,408
2016-09-12,166.81,166.82,165.4,166.82,10189
2016-09-13,167.74,167.74,164.03,164.03,654
2016-09-14,164.51,164.51,163.61,163.61,150
2016-09-15,163.26,163.7,163,163.7,81
2016-09-16,162.82,162.82,161.5,162.14,15282
2016-09-19,163.27,163.79,163.27,163.52,6063
2016-09-20,163.1,163.4,162.98,162.98,19036
2016-09-21,165.38,165.38,164.66,164.66,2
2016-09-22,165.95,168.2,165.95,168.01,10
2016-09-23,166.96,166.96,165.97,165.97,6
2016-09-26,164.22,164.22,163,163.66,14
2016-09-27,164.81,164.81,163.13,163.2,210
2016-09-28,164.25,165,164.07,164.07,3025
2016-09-29,166.42,166.42,165.16,165.16,3135
2016-09-30,161.78,164.86,161.49,164.73,6041
2016-10-03,163.84,165.21,163.63,164.56,2721
2016-10-04,165.17,165.17,164.78,164.78,227
2016-10-05,163.34,165.19,163.34,165.19,339
2016-10-06,166.22,166.42,164.69,164.93,407
2016-10-07,164.03,164.03,161.89,162.46,1022
2016-10-10,162.62,163.99,162.41,163.72,648
2016-10-11,163.09,164.37,163.09,163.89,21
2016-10-12,163.95,164.43,163.67,163.68,359
2016-10-13,162.57,162.57,161.79,162.34,609
2016-10-14,162.98,165.79,162.98,165.27,14
2016-10-17,0,0,0,0,0
2016-10-18,0,0,0,0,0
2016-10-19,167.96,169.4,167.61,169.22,151
2016-10-20,169.67,171.99,169.67,171.64,258
2016-10-21,171.8,172.22,171.33,172.22,1230
2016-10-24,174,175.31,174,175.01,205
2016-10-25,175.08,175.08,173.37,173.37,6
2016-10-26,173.8,174.06,173.29,173.95,1828
2016-10-27,174.12,174.72,173.18,174.68,533
2016-10-28,174.02,175.02,173.78,174.89,329
2016-10-31,173.98,174.67,173.95,174.26,753
2016-11-01,175.14,175.15,172.25,172.25,694
2016-11-02,170.15,170.15,168.23,168.23,11548
2016-11-03,168.4,168.83,168.4,168.83,610
2016-11-04,168.44,168.44,167.3,167.49,102
2016-11-07,170.63,170.63,169.59,170.41,455
2016-11-08,169.92,170.63,169.46,170.63,8849
2016-11-09,163.49,169.54,163.49,169.54,247
2016-11-10,171.13,171.13,166.48,166.48,28
2016-11-11,167.93,167.93,163.5,163.9,18289
2016-11-14,165.92,165.92,163.35,164.48,7680
2016-11-15,164.87,165.66,163.88,165.36,20229
2016-11-16,166.47,166.47,164.08,164.25,2796
2016-11-17,164.4,165.88,164.4,165.79,317
2016-11-18,166,166,163.82,163.82,2
2016-11-21,164.39,164.39,163.57,163.57,460
2016-11-22,164.8,164.87,164.17,164.27,277
2016-11-23,164.05,164.71,163.52,164.06,446
2016-11-24,0,0,0,0,0
2016-11-25,164.03,164.38,163.91,164.35,1928
2016-11-28,163.36,163.97,162.97,163.23,124
2016-11-29,163.08,164.15,163.08,164.15,65
2016-11-30,164.55,164.99,163.94,164.4,131
2016-12-01,163.61,164.44,163.61,164.44,32
2016-12-02,163.34,163.52,162.74,163.09,328
2016-12-05,162.3,164.8,162.3,164.28,4379
2016-12-06,165.19,169.19,165.19,169.19,829
2016-12-07,170.81,170.96,170,170.52,1157
2016-12-08,172,174.74,171.75,174.4,742
2016-12-09,174.46,175,174.46,174.98,55
2016-12-12,175.72,175.81,175,175.31,14638
2016-12-13,175.16,178.27,175.16,178.27,172
2016-12-14,177.52,177.52,176.1,176.16,993
2016-12-15,176.63,178.92,176.63,178.72,23620
2016-12-16,178.42,180.29,178.03,180.29,191
2016-12-19,179.01,179.73,178.75,179.09,11982
2016-12-20,179.05,180.37,179.05,180.37,519
2016-12-21,180.09,180.09,178.18,179.45,291
2016-12-22,178.71,178.91,178.69,178.69,11020
2016-12-23,179.16,179.62,179.11,179.62,98
2016-12-27,179.11,179.75,179.11,179.46,647
2016-12-28,180.23,180.23,178.36,178.9,194
2016-12-29,178.04,179.02,178.04,178.63,29
2016-12-30,178.55,179.05,177.87,179.05,422
2017-01-02,179.4,180.54,179.4,180.31,674
2017-01-03,181.26,182.33,180.9,182.33,461
2017-01-04,183.07,183.07,181.57,181.57,17
2017-01-05,181.64,182.95,181.64,182.54,10406
2017-01-06,182.46,183.03,181.78,183.03,232
2017-01-09,183.51,183.51,182.04,182.59,92
2017-01-10,182.58,182.58,181.38,181.96,326
2017-01-11,181.61,181.61,180.25,180.59,349
2017-01-12,179.63,181.45,179.3,180.79,101
2017-01-13,181.59,182.86,181.07,182.75,561
2017-01-16,181.23,181.23,180.6,180.6,1073
2017-01-17,180.19,181,179.69,180.39,116
2017-01-18,180.96,180.96,179.7,179.74,415
2017-01-19,180.26,180.26,180.05,180.05,51
2017-01-20,179.82,181.05,179.82,180.32,4
2017-01-23,178.75,178.75,178.4,178.6,175
2017-01-24,179.15,180.5,179.15,180.5,480
2017-01-25,182.74,184.85,182.74,183.85,2233
2017-01-26,185.11,185.45,183.18,183.18,601
2017-01-27,0,0,0,0,0
2017-01-30,182.77,182.77,180.62,180.62,535
2017-01-31,181.02,182,180.16,180.16,11369
2017-02-01,181.78,181.78,179.57,179.57,25154
2017-02-02,179.47,181.23,179.47,181.23,10411
2017-02-03,181.65,182.83,181.65,182.39,34074
2017-02-06,182.69,182.69,180.06,180.06,2
2017-02-07,179.47,180.74,179.47,179.49,167
2017-02-08,180.19,180.19,177.53,179.05,12339
2017-02-09,179.94,181.31,179.91,181.31,29
2017-02-10,182.01,182.01,179.84,180.02,55
2017-02-13,180.69,181.85,180.11,181.85,591
2017-02-14,182,182.64,181.7,182.37,131
2017-02-15,183.34,184.18,183.34,183.73,118
2017-02-16,184.15,184.15,183.41,183.53,6035
2017-02-17,183.76,183.76,181.74,182.23,162
2017-02-20,183.44,183.44,182.63,182.94,140
2017-02-21,182.96,183.82,182.22,183.56,882
2017-02-22,184.16,184.3,181.17,181.89,68
2017-02-23,182.57,183.03,182.29,182.29,210
2017-02-24,182.88,182.88,180.21,181.52,1139
2017-02-27,182.28,182.28,181.78,181.78,250
2017-02-28,182.59,183.58,182.49,183.45,190
2017-03-01,184.96,187.55,184.96,187.48,630
2017-03-02,187.18,187.39,186.84,186.84,51
2017-03-03,186.25,188.66,186.25,188.65,165
2017-03-06,188.38,188.85,188.38,188.85,23
2017-03-07,189.07,189.07,188.23,189,312
2017-03-08,189.19,190.69,189.15,190.29,1702
2017-03-09,190.3,193.12,189.9,193.12,2314
2017-03-10,193.6,194.4,193.41,193.75,385
2017-03-13,193.43,193.43,192.65,192.98,637
2017-03-14,192.56,192.56,190.64,190.99,25221
2017-03-15,191.24,192.85,191.24,192.64,169
2017-03-16,194.48,196.55,194.48,196.55,373
2017-03-17,196.5,198.24,196.5,198.24,139
2017-03-20,197.65,197.65,197.1,197.51,220
2017-03-21,198.95,199.59,197.52,197.52,221
2017-03-22,197.17,199.05,195.57,198.24,927
2017-03-23,198.56,199.82,197.85,199.73,277
2017-03-24,0,0,0,0,0
2017-03-27,198.37,199.53,197.8,199.53,120
2017-03-28,200.15,201.34,199.85,201.34,144
2017-03-29,201.62,201.62,200.21,200.81,106
2017-03-30,201.07,201.72,200.96,201.44,164
2017-03-31,200.88,202.75,200.7,202.75,404
2017-04-03,202.97,202.97,200.2,200.25,625
2017-04-04,199.82,200.71,198.87,200.71,1824
2017-04-05,201.28,203,201.28,201.93,6859
2017-04-06,200.8,204.28,200.8,204.28,140
2017-04-07,203.19,204.09,203,204.09,2229
2017-04-10,203.6,203.6,202.27,202.31,536
2017-04-11,201.36,202.15,200.79,201.72,12380
2017-04-12,201.81,203.17,200.54,200.54,809
2017-04-13,200.16,200.16,198.34,199.66,11111
2017-04-18,200.18,200.18,197.5,198.59,977
2017-04-19,198.77,200.69,198.6,200.69,13627
2017-04-20,200.34,202.6,200.34,200.57,23373
2017-04-21,201.56,201.56,200.16,201.02,53
2017-04-24,207.64,209.02,207.4,209.02,640
2017-04-25,208.91,210,208.54,209.44,4177
2017-04-26,210.06,210.06,208.62,208.84,493
2017-04-27,208.13,208.13,207.68,207.84,146
2017-04-28,207.08,209,206.62,208.27,1734
2017-05-02,208.64,210.5,208.64,210.5,142
2017-05-03,209.74,210.84,209.74,210.84,1212
2017-05-04,211.71,214.41,211.69,214.41,514
2017-05-05,214.25,216.94,213.82,216.91,5813
2017-05-08,217.61,217.61,215.28,216.11,450
2017-05-09,216.9,217,215.23,215.23,565
2017-05-10,214.73,214.73,213.88,214.65,255
2017-05-11,214.57,214.57,210.72,210.93,377
2017-05-12,210.93,211.59,210.93,211.59,142
2017-05-15,213.09,213.21,211.99,212.9,2097
2017-05-16,213.28,213.71,213,213.52,230
2017-05-17,212.2,212.7,209.01,209.48,1276
2017-05-18,206.73,207.56,205.03,207.36,7742
2017-05-19,207.47,210.3,207.47,210.3,619
2017-05-22,209.67,209.67,209.11,209.25,1660
2017-05-23,208.9,211.98,208.9,211.98,12070
2017-05-24,0,0,0,0,0
2017-05-25,212.99,213.52,212.33,212.46,116
2017-05-26,211.83,211.83,211.1,211.4,220
2017-05-29,210.98,211.77,210.81,211.22,367
2017-05-30,210.57,212,209.58,211.06,315
2017-05-31,211.2,212.6,210.86,210.86,408
2017-06-01,211.25,211.25,210.88,210.89,50
2017-06-02,212.47,213.43,211.62,211.62,81
2017-06-05,211.58,211.65,210.57,211.65,249
2017-06-06,210.93,212.05,210.59,211.66,353
2017-06-07,210.62,212.5,210.5,211.32,61
2017-06-08,212.11,213.89,212.11,213.88,51
2017-06-09,214.2,215.56,213,214.63,95
2017-06-12,213.94,213.94,212,212.41,212
2017-06-13,212.8,213.8,212.8,213.09,863
2017-06-14,213.69,214.1,211.12,211.12,43
2017-06-15,210.44,210.44,208.5,209.59,256
2017-06-16,210.78,211.1,210.47,211.01,165
2017-06-19,212.5,213.31,212.5,212.8,527
2017-06-20,214.06,214.06,210.66,210.66,19
2017-06-21,209.22,210.74,208.32,210.34,156
2017-06-22,209.34,209.91,208.64,209.91,5190
2017-06-23,209.73,209.73,208,208.03,35
2017-06-26,209.44,210.24,209.44,209.7,45
2017-06-27,209.03,209.39,208.74,208.74,11050
2017-06-28,207.31,210,206.46,210,242
2017-06-29,211.67,211.67,207.07,207.07,1688
2017-06-30,206.84,207.14,205,205.06,106
2017-07-03,206.21,208.48,206.21,208.48,44
2017-07-04,207.71,208.57,207.71,207.76,70
2017-07-05,207.09,208.47,207.09,207.51,1332
2017-07-06,207.83,207.83,205.64,206.83,138
2017-07-07,206.84,206.84,206.61,206.61,0
2017-07-10,207.81,207.81,206.01,206.94,193
2017-07-11,207.14,207.14,205.83,205.83,210
2017-07-12,206.69,207.89,206.69,207.89,243
2017-07-13,208.62,210.47,208.62,209.98,11155
2017-07-14,210.23,210.64,209.82,209.82,150
2017-07-17,210,210,209.1,209.4,153
2017-07-18,209.43,209.43,207.13,207.13,104
2017-07-19,206.73,208.11,206.56,208.05,2070
2017-07-20,209.08,209.08,207.95,207.98,494
2017-07-21,207.47,207.47,205.29,205.29,107020
2017-07-24,205.79,205.97,204.47,205.97,32
2017-07-25,206.58,209.54,206.58,207.77,1756
2017-07-26,207.88,209.04,207.88,208.71,53
2017-07-27,209.09,209.67,208.8,209.49,496
2017-07-28,208.7,208.7,208.32,208.32,0
2017-07-31,208.28,208.84,207.6,207.6,115
2017-08-01,208.87,209.35,208.87,209.32,146
2017-08-02,209.86,209.86,208.05,208.05,83
2017-08-03,206.93,208.8,206.93,208.8,508
2017-08-04,209.19,210.93,208.89,210.93,79
2017-08-07,211.36,211.36,210.81,211.23,58
2017-08-08,211.23,212.46,211.23,212.46,3
2017-08-09,211.25,211.25,208.24,209.61,1271
2017-08-10,208.66,208.75,205.98,206.39,1223
2017-08-11,204.29,205.3,202.73,202.73,1390
2017-08-14,204.14,206.83,204.14,206.83,41
2017-08-15,207.18,207.18,207.15,207.15,105
2017-08-16,208.2,208.7,208.18,208.27,304
2017-08-17,207.51,207.51,205.94,205.94,305
2017-08-18,203.66,204.9,203.66,204.9,32
2017-08-21,204.15,204.4,204.15,204.39,82
2017-08-22,205.87,205.87,205.23,205.23,7
2017-08-23,205.58,206,203.7,203.7,1515
2017-08-24,204.66,205.63,204.24,204.24,38
2017-08-25,204.7,204.9,204.17,204.17,1169
2017-08-28,203.52,203.52,202.82,202.82,0
2017-08-29,201.64,201.98,199.73,201.03,157
2017-08-30,201.85,202.06,201.85,202.02,38
2017-08-31,202.85,204.03,202.56,203.19,435
2017-09-01,204.25,204.25,203.96,203.96,0
2017-09-04,201.93,202.55,201.93,202.08,25
2017-09-05,202.13,202.2,200.85,200.85,79
2017-09-06,199.76,200.3,199.71,200,254
2017-09-07,200.68,199.49,199.49,199.49,0
2017-09-08,199.21,199.9,199.21,199.9,199
2017-09-11,202.04,203.99,201.89,203.99,52
2017-09-12,204.68,204.68,203.9,203.9,0
2017-09-13,204.22,204.98,203.8,204.98,1016
2017-09-14,204.6,204.76,204,204.76,232
2017-09-15,203.68,204.17,203.68,203.78,65
2017-09-18,204.5,205.36,204.28,204.28,135
2017-09-19,204.32,205.44,204.09,205.16,421
2017-09-20,205.05,205.05,203.49,203.49,15
2017-09-21,203.91,204.34,203.55,203.99,761
2017-09-22,203.7,204.15,203.7,204.05,26
2017-09-25,203.56,203.56,201.82,202.41,54
2017-09-26,202.19,202.25,201.69,201.69,63
2017-09-27,202.88,205.85,202.88,205.85,38
2017-09-28,206.43,206.43,204.61,204.61,994
2017-09-29,205.32,205.58,204.22,205.46,3001
2017-10-02,203.07,204.65,202.25,203.14,1013
2017-10-03,203.03,203.25,202.05,203.25,164826
2017-10-04,201.75,201.75,197.1,197.1,11201
2017-10-05,197.12,202.5,197.12,202.44,15796
2017-10-06,202.77,202.77,200.8,202.12,3987
2017-10-09,204.11,204.3,203.19,203.19,1207
2017-10-10,202.33,202.84,200.86,201.15,125084
2017-10-11,204.3,204.47,203.49,204.16,27341
2017-10-12,203.88,204.16,203.32,203.84,308
2017-10-13,203.83,204.05,202.7,203.3,35003
2017-10-16,201.67,202.4,201.08,201.45,31303
2017-10-17,201.31,203.67,200.85,202.21,11271
2017-10-18,202.86,203.52,201.32,203.52,710
2017-10-19,203.62,203.62,201.59,201.91,13754
2017-10-20,202,202.84,201.86,202.68,716
2017-10-23,201.63,201.63,201.08,201.08,5330
2017-10-24,201.44,202.31,201.33,202.31,113
2017-10-25,202.11,203.6,201.31,201.31,429
2017-10-26,201.1,206.42,201.1,205.28,6027
2017-10-27,206.13,206.13,201.7,202.48,9411
2017-10-30,204.88,207.9,204.88,207.59,3021
2017-10-31,207.86,210.1,207.86,209.38,7076
2017-11-01,0,0,0,0,0
2017-11-02,209.34,209.67,207.41,208.38,19029
2017-11-03,207.06,207.06,205,206.11,57019
2017-11-06,205.65,205.65,204.25,205.29,24413
2017-11-07,206.03,206.03,203.7,203.7,9960
2017-11-08,203.44,203.6,202.1,203.6,4627
2017-11-09,203.18,203.95,202,202.01,3791
2017-11-10,202.21,202.21,200.9,201.14,10832
2017-11-13,201.35,201.35,199.08,200.4,1934
2017-11-14,200.47,201,199,199.13,510
2017-11-15,197.52,199.95,197.2,199.95,1164
2017-11-16,200.79,201.63,200.79,200.99,850
2017-11-17,200.7,200.7,199.46,199.46,50
2017-11-20,198.97,200.09,198.97,199.36,206
2017-11-21,199.11,200,198.76,198.76,74
2017-11-22,198.97,200.6,198.97,199.21,315
2017-11-23,198.83,200.35,198.83,199.62,10
2017-11-24,200.3,200.62,199.96,200.07,622
2017-11-27,199.46,201.03,199.46,200.41,12
2017-11-28,201.12,201.84,200.5,201.84,111
2017-11-29,203.57,204.85,203.57,204.48,38
2017-11-30,204.91,204.91,203.25,203.25,0
2017-12-01,203.29,203.29,200.73,200.73,400
2017-12-04,202.5,203.3,201.87,202.77,46
2017-12-05,203.06,203.15,201.98,202.86,509
2017-12-06,0,0,0,0,0
2017-12-07,201.77,203.5,201.77,203.5,13316
2017-12-08,204.63,205.37,204.63,204.82,87
2017-12-11,204.92,204.92,204.27,204.38,21
2017-12-12,204.97,204.97,204.46,204.51,103
2017-12-13,205.35,205.35,203.97,203.97,20
2017-12-14,203.52,204.01,202.12,202.12,926
2017-12-15,201.63,202.68,201.63,201.97,157
2017-12-18,202.94,203.91,202.94,203.91,1515
2017-12-19,204,204.35,203.63,203.63,243
2017-12-20,203.98,203.98,202.16,203.2,144
2017-12-21,202.74,205.28,202.61,205.28,6672
2017-12-22,202.01,203.76,202.01,202.5,1364
2017-12-27,202.5,202.5,202.07,202.07,0
2017-12-28,201.67,202.13,200.41,200.66,637
2017-12-29,200.71,200.71,199.49,199.49,29
2018-01-02,199.49,200.15,199.49,199.72,158
2018-01-03,200.15,201,200.1,200.3,1189
2018-01-04,201.65,205.15,201.65,205.1,634
2018-01-05,206.3,206.9,205.9,206.9,17
2018-01-08,207.2,207.7,206.8,206.8,2969
2018-01-09,206.65,207.65,206.35,207,3686
2018-01-10,207.25,207.75,207.25,207.65,326
2018-01-23,212.6,212.6,212.35,212.35,122
